시점,월별,사고유형별1,사고유형별2,사고건수,사망자수,부상자수
2005,전체,차대사람,횡단중,20758,1323,20642
2005,전체,차대사람,차도통행중,5162,296,5163
2005,전체,차대사람,길가장자리구역통행중,2713,129,2836
2005,전체,차대사람,보도통행중,2346,81,2531
2005,전체,차대사람,기타/불명,15615,628,16110
2005,전체,차대차,충돌,69641,1292,120446
2005,전체,차대차,기타/불명,38061,697,60841
2005,전체,차대차,진행중 추돌,25584,392,48504
2005,전체,차대차,주정차중 추돌,25777,278,53214
2005,전체,차량단독,전도/전복,962,207,1573
2005,전체,차량단독,충돌,2558,497,3712
2005,전체,차량단독,추락,463,169,726
2005,전체,차량단독,기타이탈,455,87,847
2005,전체,차량단독,기타/불명,4066,294,5077
2005,전체,철길건널목,경보기 무시,3,3,3
2005,전체,철길건널목,직전진행,2,1,2
2005,전체,철길건널목,기타/불명,5,2,6
2005,1월,차대사람,횡단중,1414,120,1360
2005,1월,차대사람,차도통행중,454,23,452
2005,1월,차대사람,길가장자리구역통행중,208,16,211
2005,1월,차대사람,보도통행중,384,18,391
2005,1월,차대사람,기타/불명,572,20,593
2005,1월,차대차,충돌,5324,95,9604
2005,1월,차대차,기타/불명,2669,52,4433
2005,1월,차대차,진행중 추돌,1912,29,3618
2005,1월,차대차,주정차중 추돌,1881,19,3803
2005,1월,차량단독,전도/전복,74,19,120
2005,1월,차량단독,충돌,230,48,332
2005,1월,차량단독,추락,40,17,50
2005,1월,차량단독,기타이탈,46,4,90
2005,1월,차량단독,기타/불명,284,22,356
2005,1월,철길건널목,경보기 무시,1,1,0
2005,1월,철길건널목,기타/불명,1,1,0
2005,2월,차대사람,횡단중,1245,96,1209
2005,2월,차대사람,차도통행중,405,25,404
2005,2월,차대사람,길가장자리구역통행중,177,12,180
2005,2월,차대사람,보도통행중,108,2,112
2005,2월,차대사람,기타/불명,866,37,881
2005,2월,차대차,충돌,4470,82,7845
2005,2월,차대차,기타/불명,2239,48,3664
2005,2월,차대차,진행중 추돌,1634,22,3158
2005,2월,차대차,주정차중 추돌,1581,14,3482
2005,2월,차량단독,전도/전복,58,19,85
2005,2월,차량단독,충돌,153,34,212
2005,2월,차량단독,추락,34,9,65
2005,2월,차량단독,기타이탈,31,9,45
2005,2월,차량단독,기타/불명,242,22,292
2005,2월,철길건널목,직전진행,1,0,1
2005,3월,차대사람,횡단중,1833,108,1813
2005,3월,차대사람,차도통행중,478,25,481
2005,3월,차대사람,길가장자리구역통행중,226,5,230
2005,3월,차대사람,보도통행중,168,6,181
2005,3월,차대사람,기타/불명,1169,42,1228
2005,3월,차대차,충돌,5412,96,9121
2005,3월,차대차,기타/불명,2757,40,4337
2005,3월,차대차,진행중 추돌,1942,37,3519
2005,3월,차대차,주정차중 추돌,1955,22,3821
2005,3월,차량단독,전도/전복,63,21,69
2005,3월,차량단독,충돌,199,29,253
2005,3월,차량단독,추락,44,16,60
2005,3월,차량단독,기타이탈,27,11,67
2005,3월,차량단독,기타/불명,307,19,370
2005,4월,차대사람,횡단중,1873,94,1890
2005,4월,차대사람,차도통행중,497,26,495
2005,4월,차대사람,길가장자리구역통행중,261,10,287
2005,4월,차대사람,보도통행중,222,5,255
2005,4월,차대사람,기타/불명,1366,48,1415
2005,4월,차대차,충돌,5733,108,9872
2005,4월,차대차,기타/불명,3087,58,4775
2005,4월,차대차,진행중 추돌,2046,25,4000
2005,4월,차대차,주정차중 추돌,2015,21,4233
2005,4월,차량단독,전도/전복,66,11,81
2005,4월,차량단독,충돌,227,49,312
2005,4월,차량단독,추락,27,11,42
2005,4월,차량단독,기타이탈,37,7,49
2005,4월,차량단독,기타/불명,360,34,425
2005,5월,차대사람,횡단중,2042,116,2072
2005,5월,차대사람,차도통행중,518,20,530
2005,5월,차대사람,길가장자리구역통행중,254,10,265
2005,5월,차대사람,보도통행중,181,4,194
2005,5월,차대사람,기타/불명,1468,50,1533
2005,5월,차대차,충돌,6162,117,10405
2005,5월,차대차,기타/불명,3370,68,5221
2005,5월,차대차,진행중 추돌,2165,48,3994
2005,5월,차대차,주정차중 추돌,2213,24,4571
2005,5월,차량단독,전도/전복,84,22,193
2005,5월,차량단독,충돌,223,47,282
2005,5월,차량단독,추락,36,12,48
2005,5월,차량단독,기타이탈,26,3,81
2005,5월,차량단독,기타/불명,343,30,419
2005,6월,차대사람,횡단중,1780,75,1794
2005,6월,차대사람,차도통행중,376,21,383
2005,6월,차대사람,길가장자리구역통행중,205,4,224
2005,6월,차대사람,보도통행중,180,3,193
2005,6월,차대사람,기타/불명,1431,55,1472
2005,6월,차대차,충돌,5816,104,9804
2005,6월,차대차,기타/불명,3348,61,5366
2005,6월,차대차,진행중 추돌,2077,23,3920
2005,6월,차대차,주정차중 추돌,2080,18,4338
2005,6월,차량단독,전도/전복,119,17,173
2005,6월,차량단독,충돌,228,55,320
2005,6월,차량단독,추락,48,20,57
2005,6월,차량단독,기타이탈,41,4,67
2005,6월,차량단독,기타/불명,361,15,479
2005,6월,철길건널목,경보기 무시,1,0,3
2005,6월,철길건널목,직전진행,1,1,1
2005,7월,차대사람,횡단중,1681,67,1715
2005,7월,차대사람,차도통행중,393,18,391
2005,7월,차대사람,길가장자리구역통행중,213,10,227
2005,7월,차대사람,보도통행중,187,6,207
2005,7월,차대사람,기타/불명,1487,58,1510
2005,7월,차대차,충돌,6044,127,10464
2005,7월,차대차,기타/불명,3526,59,5663
2005,7월,차대차,진행중 추돌,2139,21,4044
2005,7월,차대차,주정차중 추돌,2172,28,4560
2005,7월,차량단독,전도/전복,107,21,176
2005,7월,차량단독,충돌,245,44,376
2005,7월,차량단독,추락,48,19,77
2005,7월,차량단독,기타이탈,48,6,84
2005,7월,차량단독,기타/불명,382,42,487
2005,7월,철길건널목,경보기 무시,1,2,0
2005,7월,철길건널목,기타/불명,2,0,3
2005,8월,차대사람,횡단중,1566,85,1577
2005,8월,차대사람,차도통행중,383,27,376
2005,8월,차대사람,길가장자리구역통행중,231,3,252
2005,8월,차대사람,보도통행중,187,11,217
2005,8월,차대사람,기타/불명,1430,59,1487
2005,8월,차대차,충돌,6362,128,11317
2005,8월,차대차,기타/불명,3442,62,5717
2005,8월,차대차,진행중 추돌,2316,45,4545
2005,8월,차대차,주정차중 추돌,2364,27,4985
2005,8월,차량단독,전도/전복,88,14,164
2005,8월,차량단독,충돌,220,47,345
2005,8월,차량단독,추락,47,14,72
2005,8월,차량단독,기타이탈,53,10,103
2005,8월,차량단독,기타/불명,346,30,446
2005,9월,차대사람,횡단중,1790,112,1779
2005,9월,차대사람,차도통행중,407,28,399
2005,9월,차대사람,길가장자리구역통행중,223,9,231
2005,9월,차대사람,보도통행중,203,10,210
2005,9월,차대사람,기타/불명,1495,74,1533
2005,9월,차대차,충돌,5924,124,10298
2005,9월,차대차,기타/불명,3367,71,5333
2005,9월,차대차,진행중 추돌,2278,31,4380
2005,9월,차대차,주정차중 추돌,2354,28,4705
2005,9월,차량단독,전도/전복,84,16,125
2005,9월,차량단독,충돌,198,33,287
2005,9월,차량단독,추락,35,8,57
2005,9월,차량단독,기타이탈,40,12,51
2005,9월,차량단독,기타/불명,359,20,440
2005,9월,철길건널목,기타/불명,2,1,3
2005,10월,차대사람,횡단중,1900,159,1850
2005,10월,차대사람,차도통행중,422,18,425
2005,10월,차대사람,길가장자리구역통행중,267,19,274
2005,10월,차대사람,보도통행중,179,6,203
2005,10월,차대사람,기타/불명,1517,70,1539
2005,10월,차대차,충돌,6244,112,10822
2005,10월,차대차,기타/불명,3696,81,5753
2005,10월,차대차,진행중 추돌,2448,40,4693
2005,10월,차대차,주정차중 추돌,2336,24,5040
2005,10월,차량단독,전도/전복,83,22,135
2005,10월,차량단독,충돌,202,41,267
2005,10월,차량단독,추락,28,9,39
2005,10월,차량단독,기타이탈,43,10,69
2005,10월,차량단독,기타/불명,392,28,488
2005,11월,차대사람,횡단중,1833,143,1809
2005,11월,차대사람,차도통행중,410,31,414
2005,11월,차대사람,길가장자리구역통행중,222,16,228
2005,11월,차대사람,보도통행중,191,5,196
2005,11월,차대사람,기타/불명,1509,61,1557
2005,11월,차대차,충돌,6182,103,10424
2005,11월,차대차,기타/불명,3518,65,5521
2005,11월,차대차,진행중 추돌,2262,36,4309
2005,11월,차대차,주정차중 추돌,2330,31,4807
2005,11월,차량단독,전도/전복,61,11,138
2005,11월,차량단독,충돌,198,37,308
2005,11월,차량단독,추락,35,16,95
2005,11월,차량단독,기타이탈,35,3,92
2005,11월,차량단독,기타/불명,343,16,439
2005,12월,차대사람,횡단중,1801,148,1774
2005,12월,차대사람,차도통행중,419,34,413
2005,12월,차대사람,길가장자리구역통행중,226,15,227
2005,12월,차대사람,보도통행중,156,5,172
2005,12월,차대사람,기타/불명,1305,54,1362
2005,12월,차대차,충돌,5968,96,10470
2005,12월,차대차,기타/불명,3042,32,5058
2005,12월,차대차,진행중 추돌,2365,35,4324
2005,12월,차대차,주정차중 추돌,2496,22,4869
2005,12월,차량단독,전도/전복,75,14,114
2005,12월,차량단독,충돌,235,33,418
2005,12월,차량단독,추락,41,18,64
2005,12월,차량단독,기타이탈,28,8,49
2005,12월,차량단독,기타/불명,347,16,436
2006,전체,차대사람,횡단중,22832,1383,22880
2006,전체,차대사람,차도통행중,6226,336,6222
2006,전체,차대사람,길가장자리구역통행중,5150,236,5317
2006,전체,차대사람,보도통행중,2985,92,3191
2006,전체,차대사람,기타/불명,8068,330,8394
2006,전체,차대차,충돌,85456,1509,144599
2006,전체,차대차,기타/불명,17175,373,27100
2006,전체,차대차,진행중 추돌,29363,456,54915
2006,전체,차대차,주정차중 추돌,27741,297,55981
2006,전체,차량단독,전도/전복,1290,233,1710
2006,전체,차량단독,충돌,3687,626,5228
2006,전체,차량단독,추락,589,198,806
2006,전체,차량단독,기타이탈,577,105,838
2006,전체,차량단독,기타/불명,2597,149,3040
2006,전체,철길건널목,차단기돌파,3,1,5
2006,전체,철길건널목,경보기 무시,5,2,3
2006,전체,철길건널목,기타/불명,1,1,0
2006,1월,차대사람,횡단중,1530,103,1531
2006,1월,차대사람,차도통행중,442,26,443
2006,1월,차대사람,길가장자리구역통행중,340,12,353
2006,1월,차대사람,보도통행중,198,3,211
2006,1월,차대사람,기타/불명,538,18,565
2006,1월,차대차,충돌,6056,98,10691
2006,1월,차대차,기타/불명,1175,29,1887
2006,1월,차대차,진행중 추돌,2021,27,3860
2006,1월,차대차,주정차중 추돌,2095,16,4244
2006,1월,차량단독,전도/전복,73,15,96
2006,1월,차량단독,충돌,258,45,361
2006,1월,차량단독,추락,40,10,46
2006,1월,차량단독,기타이탈,40,10,59
2006,1월,차량단독,기타/불명,163,8,184
2006,1월,철길건널목,경보기 무시,2,0,2
2006,2월,차대사람,횡단중,1469,81,1464
2006,2월,차대사람,차도통행중,417,29,416
2006,2월,차대사람,길가장자리구역통행중,331,12,345
2006,2월,차대사람,보도통행중,191,6,201
2006,2월,차대사람,기타/불명,529,19,547
2006,2월,차대차,충돌,5760,90,9925
2006,2월,차대차,기타/불명,1155,30,1855
2006,2월,차대차,진행중 추돌,1954,17,3671
2006,2월,차대차,주정차중 추돌,1882,16,3644
2006,2월,차량단독,전도/전복,58,11,67
2006,2월,차량단독,충돌,259,35,389
2006,2월,차량단독,추락,43,16,83
2006,2월,차량단독,기타이탈,53,6,79
2006,2월,차량단독,기타/불명,168,4,217
2006,2월,철길건널목,경보기 무시,1,1,0
2006,3월,차대사람,횡단중,1861,98,1879
2006,3월,차대사람,차도통행중,468,31,458
2006,3월,차대사람,길가장자리구역통행중,464,19,486
2006,3월,차대사람,보도통행중,236,7,257
2006,3월,차대사람,기타/불명,618,26,641
2006,3월,차대차,충돌,6743,98,11195
2006,3월,차대차,기타/불명,1325,24,2040
2006,3월,차대차,진행중 추돌,2247,36,4020
2006,3월,차대차,주정차중 추돌,2090,19,4174
2006,3월,차량단독,전도/전복,97,16,126
2006,3월,차량단독,충돌,275,55,338
2006,3월,차량단독,추락,57,16,73
2006,3월,차량단독,기타이탈,36,6,43
2006,3월,차량단독,기타/불명,249,13,283
2006,3월,철길건널목,차단기돌파,1,1,0
2006,4월,차대사람,횡단중,2029,96,2055
2006,4월,차대사람,차도통행중,549,24,559
2006,4월,차대사람,길가장자리구역통행중,434,18,447
2006,4월,차대사람,보도통행중,266,8,279
2006,4월,차대사람,기타/불명,613,29,631
2006,4월,차대차,충돌,7154,107,12119
2006,4월,차대차,기타/불명,1404,25,2216
2006,4월,차대차,진행중 추돌,2481,28,4734
2006,4월,차대차,주정차중 추돌,2287,24,4710
2006,4월,차량단독,전도/전복,92,21,117
2006,4월,차량단독,충돌,284,45,412
2006,4월,차량단독,추락,63,22,81
2006,4월,차량단독,기타이탈,56,12,79
2006,4월,차량단독,기타/불명,236,10,286
2006,5월,차대사람,횡단중,2179,110,2210
2006,5월,차대사람,차도통행중,636,21,652
2006,5월,차대사람,길가장자리구역통행중,472,22,482
2006,5월,차대사람,보도통행중,279,12,294
2006,5월,차대사람,기타/불명,689,23,730
2006,5월,차대차,충돌,7520,138,12787
2006,5월,차대차,기타/불명,1510,27,2300
2006,5월,차대차,진행중 추돌,2690,42,4925
2006,5월,차대차,주정차중 추돌,2344,21,4761
2006,5월,차량단독,전도/전복,136,23,169
2006,5월,차량단독,충돌,338,53,545
2006,5월,차량단독,추락,51,18,85
2006,5월,차량단독,기타이탈,48,7,71
2006,5월,차량단독,기타/불명,246,13,267
2006,5월,철길건널목,경보기 무시,2,1,1
2006,6월,차대사람,횡단중,1912,85,1929
2006,6월,차대사람,차도통행중,494,20,495
2006,6월,차대사람,길가장자리구역통행중,444,15,464
2006,6월,차대사람,보도통행중,244,4,268
2006,6월,차대사람,기타/불명,675,24,705
2006,6월,차대차,충돌,6911,124,11359
2006,6월,차대차,기타/불명,1413,28,2171
2006,6월,차대차,진행중 추돌,2366,37,4371
2006,6월,차대차,주정차중 추돌,2240,26,4343
2006,6월,차량단독,전도/전복,118,17,158
2006,6월,차량단독,충돌,299,42,397
2006,6월,차량단독,추락,40,9,46
2006,6월,차량단독,기타이탈,50,10,78
2006,6월,차량단독,기타/불명,228,14,247
2006,6월,철길건널목,차단기돌파,1,0,1
2006,7월,차대사람,횡단중,1933,85,1974
2006,7월,차대사람,차도통행중,526,20,548
2006,7월,차대사람,길가장자리구역통행중,412,15,428
2006,7월,차대사람,보도통행중,239,5,262
2006,7월,차대사람,기타/불명,639,30,672
2006,7월,차대차,충돌,7396,148,12621
2006,7월,차대차,기타/불명,1437,29,2320
2006,7월,차대차,진행중 추돌,2580,34,4835
2006,7월,차대차,주정차중 추돌,2617,26,5146
2006,7월,차량단독,전도/전복,121,19,187
2006,7월,차량단독,충돌,399,67,550
2006,7월,차량단독,추락,45,19,58
2006,7월,차량단독,기타이탈,56,9,86
2006,7월,차량단독,기타/불명,233,9,291
2006,7월,철길건널목,기타/불명,1,1,0
2006,8월,차대사람,횡단중,1770,116,1747
2006,8월,차대사람,차도통행중,490,25,485
2006,8월,차대사람,길가장자리구역통행중,439,18,473
2006,8월,차대사람,보도통행중,266,5,284
2006,8월,차대사람,기타/불명,729,31,759
2006,8월,차대차,충돌,7780,137,13487
2006,8월,차대차,기타/불명,1505,38,2405
2006,8월,차대차,진행중 추돌,2643,52,5133
2006,8월,차대차,주정차중 추돌,2357,31,4931
2006,8월,차량단독,전도/전복,139,28,195
2006,8월,차량단독,충돌,343,61,551
2006,8월,차량단독,추락,48,14,58
2006,8월,차량단독,기타이탈,63,12,105
2006,8월,차량단독,기타/불명,222,17,269
2006,9월,차대사람,횡단중,2029,139,2026
2006,9월,차대사람,차도통행중,604,31,600
2006,9월,차대사람,길가장자리구역통행중,489,24,504
2006,9월,차대사람,보도통행중,310,12,324
2006,9월,차대사람,기타/불명,718,33,747
2006,9월,차대차,충돌,7667,150,12617
2006,9월,차대차,기타/불명,1558,36,2403
2006,9월,차대차,진행중 추돌,2686,48,4986
2006,9월,차대차,주정차중 추돌,2541,26,5047
2006,9월,차량단독,전도/전복,121,21,153
2006,9월,차량단독,충돌,273,33,392
2006,9월,차량단독,추락,42,6,76
2006,9월,차량단독,기타이탈,44,7,55
2006,9월,차량단독,기타/불명,211,14,256
2006,10월,차대사람,횡단중,2008,140,2001
2006,10월,차대사람,차도통행중,544,29,541
2006,10월,차대사람,길가장자리구역통행중,479,20,498
2006,10월,차대사람,보도통행중,267,13,289
2006,10월,차대사람,기타/불명,785,32,809
2006,10월,차대차,충돌,7557,136,12970
2006,10월,차대차,기타/불명,1560,39,2479
2006,10월,차대차,진행중 추돌,2610,53,4867
2006,10월,차대차,주정차중 추돌,2482,39,5263
2006,10월,차량단독,전도/전복,138,24,166
2006,10월,차량단독,충돌,335,66,466
2006,10월,차량단독,추락,63,29,68
2006,10월,차량단독,기타이탈,53,10,65
2006,10월,차량단독,기타/불명,218,21,229
2006,10월,철길건널목,차단기돌파,1,0,4
2006,11월,차대사람,횡단중,2160,169,2142
2006,11월,차대사람,차도통행중,564,41,551
2006,11월,차대사람,길가장자리구역통행중,448,33,443
2006,11월,차대사람,보도통행중,275,9,295
2006,11월,차대사람,기타/불명,749,31,776
2006,11월,차대차,충돌,7848,162,12926
2006,11월,차대차,기타/불명,1630,39,2578
2006,11월,차대차,진행중 추돌,2850,50,5298
2006,11월,차대차,주정차중 추돌,2603,27,5275
2006,11월,차량단독,전도/전복,105,21,127
2006,11월,차량단독,충돌,320,71,439
2006,11월,차량단독,추락,47,20,69
2006,11월,차량단독,기타이탈,38,11,53
2006,11월,차량단독,기타/불명,240,17,298
2006,12월,차대사람,횡단중,1952,161,1922
2006,12월,차대사람,차도통행중,492,39,474
2006,12월,차대사람,길가장자리구역통행중,398,28,394
2006,12월,차대사람,보도통행중,214,8,227
2006,12월,차대사람,기타/불명,786,34,812
2006,12월,차대차,충돌,7064,121,11902
2006,12월,차대차,기타/불명,1503,29,2446
2006,12월,차대차,진행중 추돌,2235,32,4215
2006,12월,차대차,주정차중 추돌,2203,26,4443
2006,12월,차량단독,전도/전복,92,17,149
2006,12월,차량단독,충돌,304,53,388
2006,12월,차량단독,추락,50,19,63
2006,12월,차량단독,기타이탈,40,5,65
2006,12월,차량단독,기타/불명,183,9,213
2007,전체,차대사람,횡단중,22352,1326,22531
2007,전체,차대사람,차도통행중,6439,337,6527
2007,전체,차대사람,길가장자리구역통행중,4889,178,5107
2007,전체,차대사람,보도통행중,2916,85,3129
2007,전체,차대사람,기타/불명,8261,306,8548
2007,전체,차대차,충돌,90866,1573,153198
2007,전체,차대차,기타/불명,14611,249,22190
2007,전체,차대차,진행중 추돌,26641,445,50410
2007,전체,차대차,주정차중 추돌,25824,284,52475
2007,전체,차량단독,전도/전복,1320,252,1851
2007,전체,차량단독,충돌,3984,675,5526
2007,전체,차량단독,추락,586,215,782
2007,전체,차량단독,기타이탈,538,91,789
2007,전체,차량단독,기타/불명,2420,146,2795
2007,전체,철길건널목,차단기돌파,5,1,9
2007,전체,철길건널목,경보기 무시,6,3,33
2007,전체,철길건널목,직전진행,2,0,2
2007,전체,철길건널목,기타/불명,2,0,4
2007,1월,차대사람,횡단중,1566,117,1535
2007,1월,차대사람,차도통행중,483,40,471
2007,1월,차대사람,길가장자리구역통행중,381,10,397
2007,1월,차대사람,보도통행중,189,9,202
2007,1월,차대사람,기타/불명,410,18,429
2007,1월,차대차,충돌,6623,111,11392
2007,1월,차대차,기타/불명,869,10,1361
2007,1월,차대차,진행중 추돌,1910,36,3564
2007,1월,차대차,주정차중 추돌,1854,21,3783
2007,1월,차량단독,전도/전복,93,18,142
2007,1월,차량단독,충돌,294,53,389
2007,1월,차량단독,추락,50,15,76
2007,1월,차량단독,기타이탈,39,3,63
2007,1월,차량단독,기타/불명,151,7,169
2007,1월,철길건널목,차단기돌파,1,0,1
2007,1월,철길건널목,경보기 무시,1,0,1
2007,2월,차대사람,횡단중,1586,120,1596
2007,2월,차대사람,차도통행중,511,24,513
2007,2월,차대사람,길가장자리구역통행중,365,18,380
2007,2월,차대사람,보도통행중,202,8,203
2007,2월,차대사람,기타/불명,448,28,441
2007,2월,차대차,충돌,6440,100,11085
2007,2월,차대차,기타/불명,793,22,1222
2007,2월,차대차,진행중 추돌,1862,29,3629
2007,2월,차대차,주정차중 추돌,1902,15,3872
2007,2월,차량단독,전도/전복,82,17,102
2007,2월,차량단독,충돌,270,34,396
2007,2월,차량단독,추락,40,16,48
2007,2월,차량단독,기타이탈,37,9,45
2007,2월,차량단독,기타/불명,157,5,185
2007,2월,철길건널목,경보기 무시,1,1,0
2007,3월,차대사람,횡단중,1907,100,1928
2007,3월,차대사람,차도통행중,514,17,529
2007,3월,차대사람,길가장자리구역통행중,445,22,447
2007,3월,차대사람,보도통행중,276,5,288
2007,3월,차대사람,기타/불명,601,28,625
2007,3월,차대차,충돌,8034,108,13500
2007,3월,차대차,기타/불명,1069,16,1662
2007,3월,차대차,진행중 추돌,2371,24,4360
2007,3월,차대차,주정차중 추돌,2239,30,4581
2007,3월,차량단독,전도/전복,93,13,129
2007,3월,차량단독,충돌,337,70,416
2007,3월,차량단독,추락,52,22,49
2007,3월,차량단독,기타이탈,36,8,45
2007,3월,차량단독,기타/불명,192,13,252
2007,4월,차대사람,횡단중,1994,88,2053
2007,4월,차대사람,차도통행중,569,28,571
2007,4월,차대사람,길가장자리구역통행중,427,7,454
2007,4월,차대사람,보도통행중,265,14,284
2007,4월,차대사람,기타/불명,660,21,684
2007,4월,차대차,충돌,7880,125,13239
2007,4월,차대차,기타/불명,1186,14,1755
2007,4월,차대차,진행중 추돌,2165,26,4130
2007,4월,차대차,주정차중 추돌,2160,27,4402
2007,4월,차량단독,전도/전복,112,19,122
2007,4월,차량단독,충돌,336,54,470
2007,4월,차량단독,추락,44,10,59
2007,4월,차량단독,기타이탈,52,13,103
2007,4월,차량단독,기타/불명,205,14,229
2007,5월,차대사람,횡단중,2069,106,2081
2007,5월,차대사람,차도통행중,601,20,641
2007,5월,차대사람,길가장자리구역통행중,461,10,473
2007,5월,차대사람,보도통행중,272,8,309
2007,5월,차대사람,기타/불명,773,20,794
2007,5월,차대차,충돌,8310,146,13862
2007,5월,차대차,기타/불명,1366,20,2071
2007,5월,차대차,진행중 추돌,2373,42,4630
2007,5월,차대차,주정차중 추돌,2227,20,4568
2007,5월,차량단독,전도/전복,144,27,211
2007,5월,차량단독,충돌,355,49,497
2007,5월,차량단독,추락,51,24,108
2007,5월,차량단독,기타이탈,49,7,66
2007,5월,차량단독,기타/불명,211,16,220
2007,5월,철길건널목,경보기 무시,2,1,1
2007,6월,차대사람,횡단중,1971,121,1969
2007,6월,차대사람,차도통행중,519,25,520
2007,6월,차대사람,길가장자리구역통행중,435,19,460
2007,6월,차대사람,보도통행중,274,7,284
2007,6월,차대사람,기타/불명,805,24,829
2007,6월,차대차,충돌,7697,138,12910
2007,6월,차대차,기타/불명,1358,23,2014
2007,6월,차대차,진행중 추돌,2226,44,4135
2007,6월,차대차,주정차중 추돌,2240,20,4476
2007,6월,차량단독,전도/전복,124,19,159
2007,6월,차량단독,충돌,351,65,510
2007,6월,차량단독,추락,45,15,56
2007,6월,차량단독,기타이탈,43,4,73
2007,6월,차량단독,기타/불명,220,14,265
2007,6월,철길건널목,차단기돌파,1,0,1
2007,6월,철길건널목,기타/불명,1,0,1
2007,7월,차대사람,횡단중,1813,79,1859
2007,7월,차대사람,차도통행중,551,27,586
2007,7월,차대사람,길가장자리구역통행중,387,15,408
2007,7월,차대사람,보도통행중,251,4,275
2007,7월,차대사람,기타/불명,704,27,739
2007,7월,차대차,충돌,7727,139,13136
2007,7월,차대차,기타/불명,1380,24,2065
2007,7월,차대차,진행중 추돌,2185,24,4145
2007,7월,차대차,주정차중 추돌,2153,23,4224
2007,7월,차량단독,전도/전복,149,31,237
2007,7월,차량단독,충돌,419,69,583
2007,7월,차량단독,추락,51,15,73
2007,7월,차량단독,기타이탈,53,9,98
2007,7월,차량단독,기타/불명,213,16,248
2007,7월,철길건널목,경보기 무시,1,1,0
2007,8월,차대사람,횡단중,1610,76,1626
2007,8월,차대사람,차도통행중,485,21,486
2007,8월,차대사람,길가장자리구역통행중,365,14,384
2007,8월,차대사람,보도통행중,220,6,239
2007,8월,차대사람,기타/불명,739,20,765
2007,8월,차대차,충돌,7847,146,13567
2007,8월,차대차,기타/불명,1329,20,2112
2007,8월,차대차,진행중 추돌,2335,51,4601
2007,8월,차대차,주정차중 추돌,2227,21,4797
2007,8월,차량단독,전도/전복,136,21,228
2007,8월,차량단독,충돌,363,62,519
2007,8월,차량단독,추락,67,28,98
2007,8월,차량단독,기타이탈,59,8,67
2007,8월,차량단독,기타/불명,200,18,222
2007,9월,차대사람,횡단중,1975,115,1985
2007,9월,차대사람,차도통행중,555,31,560
2007,9월,차대사람,길가장자리구역통행중,413,14,435
2007,9월,차대사람,보도통행중,259,5,279
2007,9월,차대사람,기타/불명,809,40,853
2007,9월,차대차,충돌,7628,119,13024
2007,9월,차대차,기타/불명,1338,23,2020
2007,9월,차대차,진행중 추돌,2399,39,4718
2007,9월,차대차,주정차중 추돌,2291,20,4577
2007,9월,차량단독,전도/전복,119,28,170
2007,9월,차량단독,충돌,389,63,576
2007,9월,차량단독,추락,51,18,56
2007,9월,차량단독,기타이탈,47,8,63
2007,9월,차량단독,기타/불명,230,9,262
2007,9월,철길건널목,차단기돌파,1,0,1
2007,9월,철길건널목,직전진행,1,0,1
2007,9월,철길건널목,기타/불명,1,0,3
2007,10월,차대사람,횡단중,2044,138,2051
2007,10월,차대사람,차도통행중,580,27,587
2007,10월,차대사람,길가장자리구역통행중,418,18,450
2007,10월,차대사람,보도통행중,243,4,277
2007,10월,차대사람,기타/불명,857,30,875
2007,10월,차대차,충돌,7956,172,13142
2007,10월,차대차,기타/불명,1484,26,2278
2007,10월,차대차,진행중 추돌,2443,51,4524
2007,10월,차대차,주정차중 추돌,2285,18,4698
2007,10월,차량단독,전도/전복,97,19,124
2007,10월,차량단독,충돌,306,41,447
2007,10월,차량단독,추락,43,15,46
2007,10월,차량단독,기타이탈,48,10,64
2007,10월,차량단독,기타/불명,222,13,239
2007,11월,차대사람,횡단중,1975,121,2008
2007,11월,차대사람,차도통행중,540,37,537
2007,11월,차대사람,길가장자리구역통행중,391,17,405
2007,11월,차대사람,보도통행중,236,6,250
2007,11월,차대사람,기타/불명,751,27,772
2007,11월,차대차,충돌,7521,140,12325
2007,11월,차대차,기타/불명,1317,31,1968
2007,11월,차대차,진행중 추돌,2253,45,4181
2007,11월,차대차,주정차중 추돌,2176,33,4370
2007,11월,차량단독,전도/전복,90,21,118
2007,11월,차량단독,충돌,260,51,323
2007,11월,차량단독,추락,50,20,65
2007,11월,차량단독,기타이탈,33,6,35
2007,11월,차량단독,기타/불명,218,9,279
2007,11월,철길건널목,차단기돌파,2,1,6
2007,11월,철길건널목,경보기 무시,1,0,31
2007,11월,철길건널목,직전진행,1,0,1
2007,12월,차대사람,횡단중,1842,145,1840
2007,12월,차대사람,차도통행중,531,40,526
2007,12월,차대사람,길가장자리구역통행중,401,14,414
2007,12월,차대사람,보도통행중,229,9,239
2007,12월,차대사람,기타/불명,704,23,742
2007,12월,차대차,충돌,7203,129,12016
2007,12월,차대차,기타/불명,1122,20,1662
2007,12월,차대차,진행중 추돌,2119,34,3793
2007,12월,차대차,주정차중 추돌,2070,36,4127
2007,12월,차량단독,전도/전복,81,19,109
2007,12월,차량단독,충돌,304,64,400
2007,12월,차량단독,추락,42,17,48
2007,12월,차량단독,기타이탈,42,6,67
2007,12월,차량단독,기타/불명,201,12,225
2008,전체,차대사람,횡단중,22701,1177,22992
2008,전체,차대사람,차도통행중,6980,318,7054
2008,전체,차대사람,길가장자리구역통행중,5609,186,5780
2008,전체,차대사람,보도통행중,3518,76,3785
2008,전체,차대사람,기타/불명,8473,306,8795
2008,전체,차대차,충돌,94527,1635,157480
2008,전체,차대차,기타/불명,11130,201,16617
2008,전체,차대차,진행중 추돌,28329,423,53340
2008,전체,차대차,주정차중 추돌,24989,260,50625
2008,전체,차량단독,전도/전복,1360,211,1867
2008,전체,차량단독,충돌,4542,743,6067
2008,전체,차량단독,추락,639,164,961
2008,전체,차량단독,기타이탈,506,66,715
2008,전체,차량단독,기타/불명,2508,99,2873
2008,전체,철길건널목,차단기돌파,4,2,3
2008,전체,철길건널목,경보기 무시,3,2,2
2008,전체,철길건널목,직전진행,2,0,5
2008,전체,철길건널목,기타/불명,2,1,1
2008,1월,차대사람,횡단중,1570,97,1555
2008,1월,차대사람,차도통행중,463,26,466
2008,1월,차대사람,길가장자리구역통행중,370,18,382
2008,1월,차대사람,보도통행중,224,11,229
2008,1월,차대사람,기타/불명,440,28,445
2008,1월,차대차,충돌,6671,114,11476
2008,1월,차대차,기타/불명,631,16,927
2008,1월,차대차,진행중 추돌,1869,31,3450
2008,1월,차대차,주정차중 추돌,1864,19,3687
2008,1월,차량단독,전도/전복,84,13,169
2008,1월,차량단독,충돌,298,54,413
2008,1월,차량단독,추락,49,10,72
2008,1월,차량단독,기타이탈,30,2,43
2008,1월,차량단독,기타/불명,177,5,207
2008,1월,철길건널목,직전진행,1,0,1
2008,2월,차대사람,횡단중,1454,98,1465
2008,2월,차대사람,차도통행중,437,24,432
2008,2월,차대사람,길가장자리구역통행중,328,11,336
2008,2월,차대사람,보도통행중,184,6,189
2008,2월,차대사람,기타/불명,409,13,439
2008,2월,차대차,충돌,6508,114,11495
2008,2월,차대차,기타/불명,621,13,970
2008,2월,차대차,진행중 추돌,1869,18,3632
2008,2월,차대차,주정차중 추돌,1739,18,3507
2008,2월,차량단독,전도/전복,78,15,131
2008,2월,차량단독,충돌,337,77,423
2008,2월,차량단독,추락,52,14,77
2008,2월,차량단독,기타이탈,27,3,34
2008,2월,차량단독,기타/불명,132,4,151
2008,2월,철길건널목,경보기 무시,1,0,1
2008,3월,차대사람,횡단중,1864,100,1904
2008,3월,차대사람,차도통행중,547,29,546
2008,3월,차대사람,길가장자리구역통행중,442,17,449
2008,3월,차대사람,보도통행중,294,12,317
2008,3월,차대사람,기타/불명,557,30,576
2008,3월,차대차,충돌,7430,140,12405
2008,3월,차대차,기타/불명,705,10,1120
2008,3월,차대차,진행중 추돌,2120,37,3968
2008,3월,차대차,주정차중 추돌,2039,14,4066
2008,3월,차량단독,전도/전복,103,24,135
2008,3월,차량단독,충돌,377,69,480
2008,3월,차량단독,추락,39,9,50
2008,3월,차량단독,기타이탈,33,5,46
2008,3월,차량단독,기타/불명,202,6,222
2008,4월,차대사람,횡단중,1929,96,1955
2008,4월,차대사람,차도통행중,603,33,608
2008,4월,차대사람,길가장자리구역통행중,500,18,515
2008,4월,차대사람,보도통행중,278,6,299
2008,4월,차대사람,기타/불명,610,18,642
2008,4월,차대차,충돌,7641,152,12742
2008,4월,차대차,기타/불명,844,15,1266
2008,4월,차대차,진행중 추돌,2343,33,4319
2008,4월,차대차,주정차중 추돌,1954,16,3975
2008,4월,차량단독,전도/전복,128,13,157
2008,4월,차량단독,충돌,357,48,511
2008,4월,차량단독,추락,44,13,58
2008,4월,차량단독,기타이탈,50,6,71
2008,4월,차량단독,기타/불명,217,9,246
2008,5월,차대사람,횡단중,1983,86,2021
2008,5월,차대사람,차도통행중,670,18,697
2008,5월,차대사람,길가장자리구역통행중,487,9,510
2008,5월,차대사람,보도통행중,322,7,351
2008,5월,차대사람,기타/불명,774,21,803
2008,5월,차대차,충돌,8638,149,14583
2008,5월,차대차,기타/불명,1015,22,1469
2008,5월,차대차,진행중 추돌,2478,32,4603
2008,5월,차대차,주정차중 추돌,2227,27,4675
2008,5월,차량단독,전도/전복,145,28,159
2008,5월,차량단독,충돌,399,56,590
2008,5월,차량단독,추락,76,17,110
2008,5월,차량단독,기타이탈,58,8,77
2008,5월,차량단독,기타/불명,243,13,287
2008,6월,차대사람,횡단중,1960,70,2017
2008,6월,차대사람,차도통행중,648,29,649
2008,6월,차대사람,길가장자리구역통행중,510,7,552
2008,6월,차대사람,보도통행중,339,2,355
2008,6월,차대사람,기타/불명,809,17,861
2008,6월,차대차,충돌,8138,130,13244
2008,6월,차대차,기타/불명,1020,19,1435
2008,6월,차대차,진행중 추돌,2412,32,4466
2008,6월,차대차,주정차중 추돌,2108,15,4094
2008,6월,차량단독,전도/전복,146,20,238
2008,6월,차량단독,충돌,393,55,523
2008,6월,차량단독,추락,61,16,99
2008,6월,차량단독,기타이탈,54,4,92
2008,6월,차량단독,기타/불명,225,6,246
2008,6월,철길건널목,경보기 무시,1,1,1
2008,7월,차대사람,횡단중,1925,86,1958
2008,7월,차대사람,차도통행중,626,23,630
2008,7월,차대사람,길가장자리구역통행중,500,12,518
2008,7월,차대사람,보도통행중,310,4,346
2008,7월,차대사람,기타/불명,796,18,843
2008,7월,차대차,충돌,8722,117,14470
2008,7월,차대차,기타/불명,1010,16,1455
2008,7월,차대차,진행중 추돌,2519,34,4705
2008,7월,차대차,주정차중 추돌,2217,21,4384
2008,7월,차량단독,전도/전복,129,18,178
2008,7월,차량단독,충돌,474,75,666
2008,7월,차량단독,추락,54,12,82
2008,7월,차량단독,기타이탈,47,6,53
2008,7월,차량단독,기타/불명,233,10,265
2008,8월,차대사람,횡단중,1746,76,1782
2008,8월,차대사람,차도통행중,544,28,551
2008,8월,차대사람,길가장자리구역통행중,454,20,466
2008,8월,차대사람,보도통행중,284,4,319
2008,8월,차대사람,기타/불명,733,29,751
2008,8월,차대차,충돌,8218,164,13767
2008,8월,차대차,기타/불명,1039,21,1502
2008,8월,차대차,진행중 추돌,2498,32,4865
2008,8월,차대차,주정차중 추돌,2196,21,4608
2008,8월,차량단독,전도/전복,104,13,133
2008,8월,차량단독,충돌,406,80,547
2008,8월,차량단독,추락,60,23,70
2008,8월,차량단독,기타이탈,49,10,76
2008,8월,차량단독,기타/불명,211,7,266
2008,8월,철길건널목,차단기돌파,1,0,1
2008,8월,철길건널목,기타/불명,2,1,1
2008,9월,차대사람,횡단중,1924,108,1938
2008,9월,차대사람,차도통행중,576,27,585
2008,9월,차대사람,길가장자리구역통행중,485,15,497
2008,9월,차대사람,보도통행중,316,7,335
2008,9월,차대사람,기타/불명,804,26,830
2008,9월,차대차,충돌,7787,136,12715
2008,9월,차대차,기타/불명,1019,10,1548
2008,9월,차대차,진행중 추돌,2318,42,4360
2008,9월,차대차,주정차중 추돌,1979,20,4111
2008,9월,차량단독,전도/전복,128,17,141
2008,9월,차량단독,충돌,384,65,472
2008,9월,차량단독,추락,43,11,59
2008,9월,차량단독,기타이탈,45,11,58
2008,9월,차량단독,기타/불명,215,7,245
2008,10월,차대사람,횡단중,2193,131,2206
2008,10월,차대사람,차도통행중,643,20,665
2008,10월,차대사람,길가장자리구역통행중,539,14,556
2008,10월,차대사람,보도통행중,327,6,345
2008,10월,차대사람,기타/불명,888,38,914
2008,10월,차대차,충돌,8592,171,13817
2008,10월,차대차,기타/불명,1034,17,1509
2008,10월,차대차,진행중 추돌,2697,40,5287
2008,10월,차대차,주정차중 추돌,2241,30,4596
2008,10월,차량단독,전도/전복,119,25,177
2008,10월,차량단독,충돌,365,62,431
2008,10월,차량단독,추락,48,6,87
2008,10월,차량단독,기타이탈,38,1,55
2008,10월,차량단독,기타/불명,202,13,237
2008,11월,차대사람,횡단중,2059,105,2085
2008,11월,차대사람,차도통행중,609,30,609
2008,11월,차대사람,길가장자리구역통행중,523,29,526
2008,11월,차대사람,보도통행중,332,6,366
2008,11월,차대사람,기타/불명,808,32,829
2008,11월,차대차,충돌,8354,136,13782
2008,11월,차대차,기타/불명,1157,21,1808
2008,11월,차대차,진행중 추돌,2757,48,5208
2008,11월,차대차,주정차중 추돌,2225,35,4373
2008,11월,차량단독,전도/전복,91,9,108
2008,11월,차량단독,충돌,368,47,477
2008,11월,차량단독,추락,52,19,110
2008,11월,차량단독,기타이탈,30,2,46
2008,11월,차량단독,기타/불명,230,8,254
2008,11월,철길건널목,경보기 무시,1,1,0
2008,11월,철길건널목,직전진행,1,0,4
2008,12월,차대사람,횡단중,2094,124,2106
2008,12월,차대사람,차도통행중,614,31,616
2008,12월,차대사람,길가장자리구역통행중,471,16,473
2008,12월,차대사람,보도통행중,308,5,334
2008,12월,차대사람,기타/불명,845,36,862
2008,12월,차대차,충돌,7828,112,12984
2008,12월,차대차,기타/불명,1035,21,1608
2008,12월,차대차,진행중 추돌,2449,44,4477
2008,12월,차대차,주정차중 추돌,2200,24,4549
2008,12월,차량단독,전도/전복,105,16,141
2008,12월,차량단독,충돌,384,55,534
2008,12월,차량단독,추락,61,14,87
2008,12월,차량단독,기타이탈,45,8,64
2008,12월,차량단독,기타/불명,221,11,247
2008,12월,철길건널목,차단기돌파,3,2,2
2009,전체,차대사람,횡단중,22828,1171,23205
2009,전체,차대사람,차도통행중,6841,310,6904
2009,전체,차대사람,길가장자리구역통행중,5273,156,5470
2009,전체,차대사람,보도통행중,3291,68,3556
2009,전체,차대사람,기타/불명,11432,342,11908
2009,전체,차대차,충돌,102001,1489,168486
2009,전체,차대차,기타/불명,14190,251,20780
2009,전체,차대차,진행중 추돌,30005,513,56654
2009,전체,차대차,주정차중 추돌,25510,293,51211
2009,전체,차량단독,전도/전복,1406,190,1987
2009,전체,차량단독,충돌,4897,696,6450
2009,전체,차량단독,추락,610,180,763
2009,전체,차량단독,기타이탈,509,53,768
2009,전체,차량단독,기타/불명,3186,121,3715
2009,전체,철길건널목,차단기돌파,4,2,2
2009,전체,철길건널목,경보기 무시,2,2,0
2009,전체,철길건널목,직전진행,3,1,4
2009,전체,철길건널목,기타/불명,2,0,12
2009,1월,차대사람,횡단중,1612,122,1607
2009,1월,차대사람,차도통행중,458,19,466
2009,1월,차대사람,길가장자리구역통행중,336,15,347
2009,1월,차대사람,보도통행중,217,7,222
2009,1월,차대사람,기타/불명,746,27,770
2009,1월,차대차,충돌,7178,95,12760
2009,1월,차대차,기타/불명,1011,20,1540
2009,1월,차대차,진행중 추돌,2147,33,4268
2009,1월,차대차,주정차중 추돌,2013,18,4243
2009,1월,차량단독,전도/전복,95,16,153
2009,1월,차량단독,충돌,419,65,592
2009,1월,차량단독,추락,66,22,89
2009,1월,차량단독,기타이탈,44,4,73
2009,1월,차량단독,기타/불명,190,12,243
2009,2월,차대사람,횡단중,1595,91,1628
2009,2월,차대사람,차도통행중,525,27,523
2009,2월,차대사람,길가장자리구역통행중,391,10,414
2009,2월,차대사람,보도통행중,252,5,281
2009,2월,차대사람,기타/불명,550,23,567
2009,2월,차대차,충돌,6851,86,11534
2009,2월,차대차,기타/불명,748,15,1102
2009,2월,차대차,진행중 추돌,2065,30,3807
2009,2월,차대차,주정차중 추돌,1825,23,3653
2009,2월,차량단독,전도/전복,94,12,131
2009,2월,차량단독,충돌,337,61,472
2009,2월,차량단독,추락,40,13,48
2009,2월,차량단독,기타이탈,27,3,34
2009,2월,차량단독,기타/불명,200,5,224
2009,2월,철길건널목,경보기 무시,1,1,0
2009,2월,철길건널목,기타/불명,1,0,11
2009,3월,차대사람,횡단중,2028,94,2072
2009,3월,차대사람,차도통행중,623,34,609
2009,3월,차대사람,길가장자리구역통행중,461,14,476
2009,3월,차대사람,보도통행중,241,7,262
2009,3월,차대사람,기타/불명,845,25,895
2009,3월,차대차,충돌,8085,127,13212
2009,3월,차대차,기타/불명,938,16,1360
2009,3월,차대차,진행중 추돌,2305,38,4336
2009,3월,차대차,주정차중 추돌,1947,19,3792
2009,3월,차량단독,전도/전복,86,16,101
2009,3월,차량단독,충돌,364,55,447
2009,3월,차량단독,추락,57,13,79
2009,3월,차량단독,기타이탈,28,4,39
2009,3월,차량단독,기타/불명,216,6,287
2009,4월,차대사람,횡단중,1886,75,1931
2009,4월,차대사람,차도통행중,632,28,624
2009,4월,차대사람,길가장자리구역통행중,450,12,465
2009,4월,차대사람,보도통행중,295,5,311
2009,4월,차대사람,기타/불명,937,22,970
2009,4월,차대차,충돌,8478,119,13849
2009,4월,차대차,기타/불명,1063,8,1573
2009,4월,차대차,진행중 추돌,2504,49,4684
2009,4월,차대차,주정차중 추돌,2068,31,4064
2009,4월,차량단독,전도/전복,113,14,139
2009,4월,차량단독,충돌,369,56,459
2009,4월,차량단독,추락,51,12,74
2009,4월,차량단독,기타이탈,43,3,64
2009,4월,차량단독,기타/불명,264,5,314
2009,5월,차대사람,횡단중,2007,93,2048
2009,5월,차대사람,차도통행중,614,29,630
2009,5월,차대사람,길가장자리구역통행중,501,14,522
2009,5월,차대사람,보도통행중,277,2,306
2009,5월,차대사람,기타/불명,1037,22,1069
2009,5월,차대차,충돌,8767,154,14645
2009,5월,차대차,기타/불명,1251,28,1883
2009,5월,차대차,진행중 추돌,2603,51,4834
2009,5월,차대차,주정차중 추돌,2274,17,4654
2009,5월,차량단독,전도/전복,137,18,186
2009,5월,차량단독,충돌,391,65,510
2009,5월,차량단독,추락,46,8,54
2009,5월,차량단독,기타이탈,54,6,89
2009,5월,차량단독,기타/불명,278,12,313
2009,6월,차대사람,횡단중,1874,74,1930
2009,6월,차대사람,차도통행중,538,21,548
2009,6월,차대사람,길가장자리구역통행중,414,7,435
2009,6월,차대사람,보도통행중,285,6,317
2009,6월,차대사람,기타/불명,1028,27,1102
2009,6월,차대차,충돌,8474,106,13452
2009,6월,차대차,기타/불명,1178,20,1726
2009,6월,차대차,진행중 추돌,2424,44,4413
2009,6월,차대차,주정차중 추돌,2059,21,3954
2009,6월,차량단독,전도/전복,155,19,201
2009,6월,차량단독,충돌,444,59,554
2009,6월,차량단독,추락,47,11,48
2009,6월,차량단독,기타이탈,55,7,90
2009,6월,차량단독,기타/불명,274,11,314
2009,7월,차대사람,횡단중,1911,84,1968
2009,7월,차대사람,차도통행중,614,17,637
2009,7월,차대사람,길가장자리구역통행중,460,13,483
2009,7월,차대사람,보도통행중,287,4,310
2009,7월,차대사람,기타/불명,1024,27,1089
2009,7월,차대차,충돌,8909,127,14763
2009,7월,차대차,기타/불명,1233,25,1767
2009,7월,차대차,진행중 추돌,2604,32,4840
2009,7월,차대차,주정차중 추돌,2231,25,4367
2009,7월,차량단독,전도/전복,147,17,219
2009,7월,차량단독,충돌,485,53,677
2009,7월,차량단독,추락,50,14,55
2009,7월,차량단독,기타이탈,51,4,68
2009,7월,차량단독,기타/불명,273,10,302
2009,7월,철길건널목,차단기돌파,1,1,0
2009,7월,철길건널목,직전진행,1,1,0
2009,8월,차대사람,횡단중,1802,79,1823
2009,8월,차대사람,차도통행중,541,26,552
2009,8월,차대사람,길가장자리구역통행중,437,16,461
2009,8월,차대사람,보도통행중,261,6,276
2009,8월,차대사람,기타/불명,1041,29,1087
2009,8월,차대차,충돌,8941,137,15120
2009,8월,차대차,기타/불명,1302,24,1957
2009,8월,차대차,진행중 추돌,2571,45,5207
2009,8월,차대차,주정차중 추돌,2114,29,4382
2009,8월,차량단독,전도/전복,145,18,203
2009,8월,차량단독,충돌,438,76,637
2009,8월,차량단독,추락,55,13,64
2009,8월,차량단독,기타이탈,51,7,73
2009,8월,차량단독,기타/불명,293,9,356
2009,8월,철길건널목,직전진행,1,0,2
2009,9월,차대사람,횡단중,2058,102,2089
2009,9월,차대사람,차도통행중,545,22,546
2009,9월,차대사람,길가장자리구역통행중,452,11,458
2009,9월,차대사람,보도통행중,320,7,349
2009,9월,차대사람,기타/불명,1094,25,1147
2009,9월,차대차,충돌,9241,134,14652
2009,9월,차대차,기타/불명,1470,30,2077
2009,9월,차대차,진행중 추돌,2693,41,4891
2009,9월,차대차,주정차중 추돌,2213,23,4343
2009,9월,차량단독,전도/전복,113,11,173
2009,9월,차량단독,충돌,376,58,495
2009,9월,차량단독,추락,53,18,45
2009,9월,차량단독,기타이탈,46,3,61
2009,9월,차량단독,기타/불명,330,15,374
2009,10월,차대사람,횡단중,2084,132,2098
2009,10월,차대사람,차도통행중,610,34,614
2009,10월,차대사람,길가장자리구역통행중,473,14,483
2009,10월,차대사람,보도통행중,299,7,318
2009,10월,차대사람,기타/불명,1160,47,1195
2009,10월,차대차,충돌,9394,149,15236
2009,10월,차대차,기타/불명,1401,14,2062
2009,10월,차대차,진행중 추돌,2847,62,5472
2009,10월,차대차,주정차중 추돌,2213,26,4603
2009,10월,차량단독,전도/전복,115,16,160
2009,10월,차량단독,충돌,430,55,540
2009,10월,차량단독,추락,48,13,56
2009,10월,차량단독,기타이탈,38,3,55
2009,10월,차량단독,기타/불명,326,19,362
2009,10월,철길건널목,차단기돌파,1,0,1
2009,10월,철길건널목,경보기 무시,1,1,0
2009,11월,차대사람,횡단중,1953,108,1984
2009,11월,차대사람,차도통행중,568,29,571
2009,11월,차대사람,길가장자리구역통행중,471,14,494
2009,11월,차대사람,보도통행중,274,7,290
2009,11월,차대사람,기타/불명,976,35,1000
2009,11월,차대차,충돌,8842,136,14420
2009,11월,차대차,기타/불명,1282,18,1818
2009,11월,차대차,진행중 추돌,2688,51,4999
2009,11월,차대차,주정차중 추돌,2221,31,4356
2009,11월,차량단독,전도/전복,116,15,175
2009,11월,차량단독,충돌,407,54,495
2009,11월,차량단독,추락,47,15,69
2009,11월,차량단독,기타이탈,29,3,70
2009,11월,차량단독,기타/불명,279,5,318
2009,11월,철길건널목,차단기돌파,1,1,0
2009,11월,철길건널목,직전진행,1,0,2
2009,11월,철길건널목,기타/불명,1,0,1
2009,12월,차대사람,횡단중,2018,117,2027
2009,12월,차대사람,차도통행중,573,24,584
2009,12월,차대사람,길가장자리구역통행중,427,16,432
2009,12월,차대사람,보도통행중,283,5,314
2009,12월,차대사람,기타/불명,994,33,1017
2009,12월,차대차,충돌,8841,119,14843
2009,12월,차대차,기타/불명,1313,33,1915
2009,12월,차대차,진행중 추돌,2554,37,4903
2009,12월,차대차,주정차중 추돌,2332,30,4800
2009,12월,차량단독,전도/전복,90,18,146
2009,12월,차량단독,충돌,437,39,572
2009,12월,차량단독,추락,50,28,82
2009,12월,차량단독,기타이탈,43,6,52
2009,12월,차량단독,기타/불명,263,12,308
2009,12월,철길건널목,차단기돌파,1,0,1
2010,전체,차대사람,횡단중,21788,1063,22082
2010,전체,차대사람,차도통행중,5591,263,5590
2010,전체,차대사람,길가장자리구역통행중,4237,145,4365
2010,전체,차대사람,보도통행중,2913,83,3069
2010,전체,차대사람,기타/불명,14824,456,15290
2010,전체,차대차,충돌,96270,1417,160523
2010,전체,차대차,기타/불명,19171,294,28659
2010,전체,차대차,진행중 추돌,27581,417,51655
2010,전체,차대차,주정차중 추돌,24013,274,47565
2010,전체,차량단독,전도/전복,1131,142,1519
2010,전체,차량단독,충돌,4725,635,6521
2010,전체,차량단독,추락,488,114,770
2010,전체,차량단독,기타이탈,391,56,585
2010,전체,차량단독,기타/불명,3747,143,4253
2010,전체,철길건널목,차단기돌파,4,1,9
2010,전체,철길건널목,경보기 무시,3,2,2
2010,전체,철길건널목,기타/불명,1,0,1
2010,1월,차대사람,횡단중,1609,94,1603
2010,1월,차대사람,차도통행중,441,36,428
2010,1월,차대사람,길가장자리구역통행중,318,17,323
2010,1월,차대사람,보도통행중,201,13,210
2010,1월,차대사람,기타/불명,993,39,1015
2010,1월,차대차,충돌,7322,84,12960
2010,1월,차대차,기타/불명,1270,17,2011
2010,1월,차대차,진행중 추돌,2140,27,4057
2010,1월,차대차,주정차중 추돌,1971,16,3861
2010,1월,차량단독,전도/전복,75,15,146
2010,1월,차량단독,충돌,405,55,577
2010,1월,차량단독,추락,45,15,56
2010,1월,차량단독,기타이탈,37,5,58
2010,1월,차량단독,기타/불명,295,5,344
2010,1월,철길건널목,차단기돌파,1,0,4
2010,1월,철길건널목,경보기 무시,1,0,2
2010,2월,차대사람,횡단중,1611,90,1621
2010,2월,차대사람,차도통행중,426,26,419
2010,2월,차대사람,길가장자리구역통행중,341,15,357
2010,2월,차대사람,보도통행중,205,4,223
2010,2월,차대사람,기타/불명,826,26,847
2010,2월,차대차,충돌,6903,106,11880
2010,2월,차대차,기타/불명,1002,14,1519
2010,2월,차대차,진행중 추돌,1949,18,3598
2010,2월,차대차,주정차중 추돌,1780,25,3477
2010,2월,차량단독,전도/전복,75,6,105
2010,2월,차량단독,충돌,375,55,562
2010,2월,차량단독,추락,40,8,56
2010,2월,차량단독,기타이탈,25,4,34
2010,2월,차량단독,기타/불명,243,7,270
2010,2월,철길건널목,차단기돌파,1,1,0
2010,2월,철길건널목,경보기 무시,1,1,0
2010,3월,차대사람,횡단중,1826,73,1868
2010,3월,차대사람,차도통행중,540,28,547
2010,3월,차대사람,길가장자리구역통행중,373,10,379
2010,3월,차대사람,보도통행중,249,8,264
2010,3월,차대사람,기타/불명,955,30,987
2010,3월,차대차,충돌,7734,99,12874
2010,3월,차대차,기타/불명,1208,17,1832
2010,3월,차대차,진행중 추돌,2160,33,3814
2010,3월,차대차,주정차중 추돌,1923,9,3705
2010,3월,차량단독,전도/전복,89,12,148
2010,3월,차량단독,충돌,391,55,499
2010,3월,차량단독,추락,36,12,63
2010,3월,차량단독,기타이탈,36,4,51
2010,3월,차량단독,기타/불명,280,6,318
2010,3월,철길건널목,차단기돌파,1,0,1
2010,4월,차대사람,횡단중,1814,74,1837
2010,4월,차대사람,차도통행중,513,14,515
2010,4월,차대사람,길가장자리구역통행중,397,11,407
2010,4월,차대사람,보도통행중,249,8,257
2010,4월,차대사람,기타/불명,1095,21,1119
2010,4월,차대차,충돌,8093,128,13234
2010,4월,차대차,기타/불명,1324,20,1921
2010,4월,차대차,진행중 추돌,2171,38,4083
2010,4월,차대차,주정차중 추돌,1957,19,3821
2010,4월,차량단독,전도/전복,83,11,101
2010,4월,차량단독,충돌,338,35,462
2010,4월,차량단독,추락,33,6,47
2010,4월,차량단독,기타이탈,20,5,54
2010,4월,차량단독,기타/불명,299,5,333
2010,5월,차대사람,횡단중,1986,84,2025
2010,5월,차대사람,차도통행중,563,23,570
2010,5월,차대사람,길가장자리구역통행중,417,8,432
2010,5월,차대사람,보도통행중,292,4,305
2010,5월,차대사람,기타/불명,1332,27,1377
2010,5월,차대차,충돌,8698,135,14330
2010,5월,차대차,기타/불명,1673,27,2433
2010,5월,차대차,진행중 추돌,2470,26,4886
2010,5월,차대차,주정차중 추돌,2034,15,4022
2010,5월,차량단독,전도/전복,99,8,133
2010,5월,차량단독,충돌,389,61,511
2010,5월,차량단독,추락,37,9,52
2010,5월,차량단독,기타이탈,39,4,64
2010,5월,차량단독,기타/불명,343,16,381
2010,6월,차대사람,횡단중,1826,75,1862
2010,6월,차대사람,차도통행중,483,15,496
2010,6월,차대사람,길가장자리구역통행중,367,12,385
2010,6월,차대사람,보도통행중,243,4,274
2010,6월,차대사람,기타/불명,1319,33,1377
2010,6월,차대차,충돌,8026,139,12736
2010,6월,차대차,기타/불명,1681,31,2453
2010,6월,차대차,진행중 추돌,2237,37,4098
2010,6월,차대차,주정차중 추돌,1822,29,3520
2010,6월,차량단독,전도/전복,106,15,113
2010,6월,차량단독,충돌,404,53,541
2010,6월,차량단독,추락,39,6,55
2010,6월,차량단독,기타이탈,31,2,40
2010,6월,차량단독,기타/불명,325,23,360
2010,6월,철길건널목,기타/불명,1,0,1
2010,7월,차대사람,횡단중,1759,73,1818
2010,7월,차대사람,차도통행중,403,9,413
2010,7월,차대사람,길가장자리구역통행중,291,2,301
2010,7월,차대사람,보도통행중,230,6,238
2010,7월,차대사람,기타/불명,1381,50,1416
2010,7월,차대차,충돌,8098,101,13508
2010,7월,차대차,기타/불명,1737,35,2541
2010,7월,차대차,진행중 추돌,2192,26,4160
2010,7월,차대차,주정차중 추돌,1960,41,3989
2010,7월,차량단독,전도/전복,97,19,126
2010,7월,차량단독,충돌,407,64,564
2010,7월,차량단독,추락,49,11,77
2010,7월,차량단독,기타이탈,47,2,64
2010,7월,차량단독,기타/불명,314,14,362
2010,8월,차대사람,횡단중,1661,73,1673
2010,8월,차대사람,차도통행중,405,17,408
2010,8월,차대사람,길가장자리구역통행중,304,9,308
2010,8월,차대사람,보도통행중,249,7,255
2010,8월,차대사람,기타/불명,1230,33,1284
2010,8월,차대차,충돌,8417,103,14429
2010,8월,차대차,기타/불명,1739,17,2652
2010,8월,차대차,진행중 추돌,2302,36,4495
2010,8월,차대차,주정차중 추돌,2095,22,4176
2010,8월,차량단독,전도/전복,137,15,164
2010,8월,차량단독,충돌,461,56,692
2010,8월,차량단독,추락,48,4,92
2010,8월,차량단독,기타이탈,29,8,47
2010,8월,차량단독,기타/불명,306,10,357
2010,9월,차대사람,횡단중,1806,98,1819
2010,9월,차대사람,차도통행중,422,22,424
2010,9월,차대사람,길가장자리구역통행중,361,16,366
2010,9월,차대사람,보도통행중,257,6,272
2010,9월,차대사람,기타/불명,1369,33,1427
2010,9월,차대차,충돌,8004,106,13493
2010,9월,차대차,기타/불명,1852,24,2781
2010,9월,차대차,진행중 추돌,2423,28,4600
2010,9월,차대차,주정차중 추돌,2039,18,4153
2010,9월,차량단독,전도/전복,103,12,118
2010,9월,차량단독,충돌,414,46,555
2010,9월,차량단독,추락,35,8,83
2010,9월,차량단독,기타이탈,23,2,29
2010,9월,차량단독,기타/불명,331,17,350
2010,10월,차대사람,횡단중,2063,117,2088
2010,10월,차대사람,차도통행중,493,29,480
2010,10월,차대사람,길가장자리구역통행중,362,14,379
2010,10월,차대사람,보도통행중,260,6,275
2010,10월,차대사람,기타/불명,1535,48,1594
2010,10월,차대차,충돌,9050,164,14880
2010,10월,차대차,기타/불명,2027,38,2969
2010,10월,차대차,진행중 추돌,2621,69,4896
2010,10월,차대차,주정차중 추돌,2230,33,4498
2010,10월,차량단독,전도/전복,91,12,105
2010,10월,차량단독,충돌,385,47,561
2010,10월,차량단독,추락,46,18,69
2010,10월,차량단독,기타이탈,37,8,47
2010,10월,차량단독,기타/불명,375,16,441
2010,11월,차대사람,횡단중,1948,109,1975
2010,11월,차대사람,차도통행중,470,27,462
2010,11월,차대사람,길가장자리구역통행중,367,16,377
2010,11월,차대사람,보도통행중,241,9,249
2010,11월,차대사람,기타/불명,1423,62,1451
2010,11월,차대차,충돌,8359,136,13452
2010,11월,차대차,기타/불명,1927,32,2830
2010,11월,차대차,진행중 추돌,2532,37,4684
2010,11월,차대차,주정차중 추돌,2153,24,4350
2010,11월,차량단독,전도/전복,90,9,142
2010,11월,차량단독,충돌,348,54,459
2010,11월,차량단독,추락,43,8,61
2010,11월,차량단독,기타이탈,31,4,46
2010,11월,차량단독,기타/불명,338,14,365
2010,11월,철길건널목,차단기돌파,1,0,4
2010,12월,차대사람,횡단중,1879,103,1893
2010,12월,차대사람,차도통행중,432,17,428
2010,12월,차대사람,길가장자리구역통행중,339,15,351
2010,12월,차대사람,보도통행중,237,8,247
2010,12월,차대사람,기타/불명,1366,54,1396
2010,12월,차대차,충돌,7566,116,12747
2010,12월,차대차,기타/불명,1731,22,2717
2010,12월,차대차,진행중 추돌,2384,42,4284
2010,12월,차대차,주정차중 추돌,2049,23,3993
2010,12월,차량단독,전도/전복,86,8,118
2010,12월,차량단독,충돌,408,54,538
2010,12월,차량단독,추락,37,9,59
2010,12월,차량단독,기타이탈,36,8,51
2010,12월,차량단독,기타/불명,298,10,372
2010,12월,철길건널목,경보기 무시,1,1,0
2011,전체,차대사람,횡단중,20205,1028,20502
2011,전체,차대사람,차도통행중,4585,212,4617
2011,전체,차대사람,길가장자리구역통행중,4093,121,4197
2011,전체,차대사람,보도통행중,2579,66,2750
2011,전체,차대사람,기타/불명,18239,571,18841
2011,전체,차대차,충돌,84822,1199,141141
2011,전체,차대차,기타/불명,28338,347,42783
2011,전체,차대차,진행중 추돌,25924,335,48703
2011,전체,차대차,주정차중 추돌,22597,216,44563
2011,전체,차량단독,전도/전복,878,128,1176
2011,전체,차량단독,충돌,4646,634,6322
2011,전체,차량단독,추락,584,145,911
2011,전체,차량단독,기타이탈,304,51,405
2011,전체,차량단독,기타/불명,3907,170,4475
2011,전체,철길건널목,차단기돌파,5,4,1
2011,전체,철길건널목,경보기 무시,1,0,2
2011,전체,철길건널목,직전진행,1,0,1
2011,전체,철길건널목,기타/불명,3,2,1
2011,1월,차대사람,횡단중,1672,98,1680
2011,1월,차대사람,차도통행중,419,30,411
2011,1월,차대사람,길가장자리구역통행중,307,8,319
2011,1월,차대사람,보도통행중,200,8,218
2011,1월,차대사람,기타/불명,1143,44,1184
2011,1월,차대차,충돌,6622,84,11223
2011,1월,차대차,기타/불명,1459,11,2237
2011,1월,차대차,진행중 추돌,1998,10,3729
2011,1월,차대차,주정차중 추돌,1865,20,3558
2011,1월,차량단독,전도/전복,61,12,98
2011,1월,차량단독,충돌,395,48,561
2011,1월,차량단독,추락,40,11,56
2011,1월,차량단독,기타이탈,25,3,31
2011,1월,차량단독,기타/불명,247,7,306
2011,1월,철길건널목,차단기돌파,1,1,0
2011,2월,차대사람,횡단중,1351,69,1378
2011,2월,차대사람,차도통행중,346,17,352
2011,2월,차대사람,길가장자리구역통행중,262,12,268
2011,2월,차대사람,보도통행중,206,5,217
2011,2월,차대사람,기타/불명,998,29,1064
2011,2월,차대차,충돌,5822,78,10137
2011,2월,차대차,기타/불명,1206,23,1760
2011,2월,차대차,진행중 추돌,1678,19,3235
2011,2월,차대차,주정차중 추돌,1530,4,3055
2011,2월,차량단독,전도/전복,71,8,101
2011,2월,차량단독,충돌,391,44,538
2011,2월,차량단독,추락,39,14,49
2011,2월,차량단독,기타이탈,28,6,40
2011,2월,차량단독,기타/불명,278,10,298
2011,2월,철길건널목,차단기돌파,1,1,0
2011,2월,철길건널목,기타/불명,1,0,1
2011,3월,차대사람,횡단중,1642,69,1692
2011,3월,차대사람,차도통행중,426,22,429
2011,3월,차대사람,길가장자리구역통행중,298,4,309
2011,3월,차대사람,보도통행중,215,3,231
2011,3월,차대사람,기타/불명,1232,32,1269
2011,3월,차대차,충돌,7045,87,11409
2011,3월,차대차,기타/불명,1585,20,2316
2011,3월,차대차,진행중 추돌,1896,25,3447
2011,3월,차대차,주정차중 추돌,1748,18,3327
2011,3월,차량단독,전도/전복,82,7,107
2011,3월,차량단독,충돌,297,29,394
2011,3월,차량단독,추락,35,8,62
2011,3월,차량단독,기타이탈,24,2,26
2011,3월,차량단독,기타/불명,306,11,353
2011,3월,철길건널목,차단기돌파,1,1,0
2011,4월,차대사람,횡단중,1771,87,1795
2011,4월,차대사람,차도통행중,456,17,465
2011,4월,차대사람,길가장자리구역통행중,350,3,365
2011,4월,차대사람,보도통행중,210,11,228
2011,4월,차대사람,기타/불명,1385,36,1465
2011,4월,차대차,충돌,7310,100,12095
2011,4월,차대차,기타/불명,2066,26,3067
2011,4월,차대차,진행중 추돌,2144,24,4088
2011,4월,차대차,주정차중 추돌,2003,26,3885
2011,4월,차량단독,전도/전복,83,11,92
2011,4월,차량단독,충돌,389,66,465
2011,4월,차량단독,추락,35,11,85
2011,4월,차량단독,기타이탈,30,5,52
2011,4월,차량단독,기타/불명,338,6,387
2011,5월,차대사람,횡단중,1856,75,1923
2011,5월,차대사람,차도통행중,409,12,413
2011,5월,차대사람,길가장자리구역통행중,419,9,435
2011,5월,차대사람,보도통행중,244,3,270
2011,5월,차대사람,기타/불명,1635,29,1701
2011,5월,차대차,충돌,7681,105,12904
2011,5월,차대차,기타/불명,2262,32,3281
2011,5월,차대차,진행중 추돌,2105,27,4079
2011,5월,차대차,주정차중 추돌,1882,11,3721
2011,5월,차량단독,전도/전복,79,10,105
2011,5월,차량단독,충돌,415,55,554
2011,5월,차량단독,추락,53,11,80
2011,5월,차량단독,기타이탈,17,3,17
2011,5월,차량단독,기타/불명,355,11,420
2011,5월,철길건널목,경보기 무시,1,0,2
2011,5월,철길건널목,직전진행,1,0,1
2011,6월,차대사람,횡단중,1639,65,1664
2011,6월,차대사람,차도통행중,368,14,370
2011,6월,차대사람,길가장자리구역통행중,349,9,364
2011,6월,차대사람,보도통행중,204,1,214
2011,6월,차대사람,기타/불명,1571,45,1627
2011,6월,차대차,충돌,7055,102,11814
2011,6월,차대차,기타/불명,2436,29,3587
2011,6월,차대차,진행중 추돌,2115,32,3935
2011,6월,차대차,주정차중 추돌,1843,17,3729
2011,6월,차량단독,전도/전복,70,8,106
2011,6월,차량단독,충돌,406,61,511
2011,6월,차량단독,추락,64,5,102
2011,6월,차량단독,기타이탈,28,7,34
2011,6월,차량단독,기타/불명,356,19,412
2011,6월,철길건널목,기타/불명,1,1,0
2011,7월,차대사람,횡단중,1637,66,1680
2011,7월,차대사람,차도통행중,359,12,361
2011,7월,차대사람,길가장자리구역통행중,352,17,350
2011,7월,차대사람,보도통행중,218,8,224
2011,7월,차대사람,기타/불명,1600,42,1633
2011,7월,차대차,충돌,7287,115,12031
2011,7월,차대차,기타/불명,2528,31,3880
2011,7월,차대차,진행중 추돌,2299,29,4208
2011,7월,차대차,주정차중 추돌,2006,20,3941
2011,7월,차량단독,전도/전복,91,16,114
2011,7월,차량단독,충돌,431,65,624
2011,7월,차량단독,추락,61,18,96
2011,7월,차량단독,기타이탈,35,7,39
2011,7월,차량단독,기타/불명,347,14,395
2011,7월,철길건널목,차단기돌파,1,1,0
2011,7월,철길건널목,기타/불명,1,1,0
2011,8월,차대사람,횡단중,1415,83,1416
2011,8월,차대사람,차도통행중,324,16,322
2011,8월,차대사람,길가장자리구역통행중,317,8,335
2011,8월,차대사람,보도통행중,228,7,241
2011,8월,차대사람,기타/불명,1528,58,1586
2011,8월,차대차,충돌,7380,103,12539
2011,8월,차대차,기타/불명,2720,30,4332
2011,8월,차대차,진행중 추돌,2223,27,4275
2011,8월,차대차,주정차중 추돌,1860,24,3747
2011,8월,차량단독,전도/전복,74,17,120
2011,8월,차량단독,충돌,398,65,597
2011,8월,차량단독,추락,56,13,106
2011,8월,차량단독,기타이탈,22,5,21
2011,8월,차량단독,기타/불명,351,16,397
2011,9월,차대사람,횡단중,1675,87,1685
2011,9월,차대사람,차도통행중,345,12,344
2011,9월,차대사람,길가장자리구역통행중,357,8,360
2011,9월,차대사람,보도통행중,209,4,220
2011,9월,차대사람,기타/불명,1694,65,1727
2011,9월,차대차,충돌,7021,116,11537
2011,9월,차대차,기타/불명,2784,26,4166
2011,9월,차대차,진행중 추돌,2241,35,4263
2011,9월,차대차,주정차중 추돌,1874,19,3663
2011,9월,차량단독,전도/전복,89,21,88
2011,9월,차량단독,충돌,340,50,480
2011,9월,차량단독,추락,48,13,59
2011,9월,차량단독,기타이탈,24,4,34
2011,9월,차량단독,기타/불명,364,14,429
2011,10월,차대사람,횡단중,1817,104,1846
2011,10월,차대사람,차도통행중,382,23,392
2011,10월,차대사람,길가장자리구역통행중,381,14,391
2011,10월,차대사람,보도통행중,225,4,241
2011,10월,차대사람,기타/불명,1846,69,1891
2011,10월,차대차,충돌,7524,102,12382
2011,10월,차대차,기타/불명,3261,38,4970
2011,10월,차대차,진행중 추돌,2591,38,4827
2011,10월,차대차,주정차중 추돌,2031,18,4045
2011,10월,차량단독,전도/전복,77,9,118
2011,10월,차량단독,충돌,388,58,510
2011,10월,차량단독,추락,60,14,92
2011,10월,차량단독,기타이탈,23,6,48
2011,10월,차량단독,기타/불명,346,23,380
2011,11월,차대사람,횡단중,1886,114,1898
2011,11월,차대사람,차도통행중,399,21,402
2011,11월,차대사람,길가장자리구역통행중,329,12,332
2011,11월,차대사람,보도통행중,223,5,236
2011,11월,차대사람,기타/불명,1845,60,1895
2011,11월,차대차,충돌,7213,97,11830
2011,11월,차대차,기타/불명,3117,44,4717
2011,11월,차대차,진행중 추돌,2411,45,4536
2011,11월,차대차,주정차중 추돌,1986,23,3966
2011,11월,차량단독,전도/전복,59,6,68
2011,11월,차량단독,충돌,403,47,560
2011,11월,차량단독,추락,48,13,54
2011,11월,차량단독,기타이탈,26,3,29
2011,11월,차량단독,기타/불명,337,24,393
2011,11월,철길건널목,차단기돌파,1,0,1
2011,12월,차대사람,횡단중,1844,111,1845
2011,12월,차대사람,차도통행중,352,16,356
2011,12월,차대사람,길가장자리구역통행중,372,17,369
2011,12월,차대사람,보도통행중,197,7,210
2011,12월,차대사람,기타/불명,1762,62,1799
2011,12월,차대차,충돌,6862,110,11240
2011,12월,차대차,기타/불명,2914,37,4470
2011,12월,차대차,진행중 추돌,2223,24,4081
2011,12월,차대차,주정차중 추돌,1969,16,3926
2011,12월,차량단독,전도/전복,42,3,59
2011,12월,차량단독,충돌,393,46,528
2011,12월,차량단독,추락,45,14,70
2011,12월,차량단독,기타이탈,22,0,34
2011,12월,차량단독,기타/불명,282,15,305
2012,전체,차대사람,횡단중,19537,1003,19873
2012,전체,차대사람,차도통행중,3904,174,3964
2012,전체,차대사람,길가장자리구역통행중,3577,94,3699
2012,전체,차대사람,보도통행중,2399,83,2539
2012,전체,차대사람,기타/불명,20694,623,21387
2012,전체,차대차,충돌,75305,1108,126159
2012,전체,차대차,기타/불명,38582,455,59603
2012,전체,차대차,진행중 추돌,26841,358,50078
2012,전체,차대차,주정차중 추돌,21727,235,43011
2012,전체,차량단독,전도/전복,1477,271,1888
2012,전체,차량단독,충돌,4665,624,6338
2012,전체,차량단독,추락,508,126,878
2012,전체,차량단독,기타이탈,375,63,514
2012,전체,차량단독,기타/불명,4056,172,4622
2012,전체,철길건널목,차단기돌파,1,2,1
2012,전체,철길건널목,경보기 무시,3,1,4
2012,전체,철길건널목,기타/불명,5,0,7
2012,1월,차대사람,횡단중,1553,107,1542
2012,1월,차대사람,차도통행중,369,14,373
2012,1월,차대사람,길가장자리구역통행중,308,11,319
2012,1월,차대사람,보도통행중,185,7,198
2012,1월,차대사람,기타/불명,1385,37,1448
2012,1월,차대차,충돌,6037,73,10403
2012,1월,차대차,기타/불명,2410,24,3756
2012,1월,차대차,진행중 추돌,2021,26,3816
2012,1월,차대차,주정차중 추돌,1707,17,3363
2012,1월,차량단독,전도/전복,48,9,69
2012,1월,차량단독,충돌,422,60,509
2012,1월,차량단독,추락,65,16,111
2012,1월,차량단독,기타이탈,23,3,27
2012,1월,차량단독,기타/불명,284,13,347
2012,1월,철길건널목,경보기 무시,1,1,0
2012,2월,차대사람,횡단중,1489,84,1503
2012,2월,차대사람,차도통행중,293,11,301
2012,2월,차대사람,길가장자리구역통행중,327,9,330
2012,2월,차대사람,보도통행중,183,6,193
2012,2월,차대사람,기타/불명,1298,43,1336
2012,2월,차대차,충돌,5911,75,10031
2012,2월,차대차,기타/불명,2412,33,3743
2012,2월,차대차,진행중 추돌,2136,26,4040
2012,2월,차대차,주정차중 추돌,1783,12,3477
2012,2월,차량단독,전도/전복,67,14,77
2012,2월,차량단독,충돌,414,55,541
2012,2월,차량단독,추락,46,14,91
2012,2월,차량단독,기타이탈,22,3,28
2012,2월,차량단독,기타/불명,273,8,303
2012,2월,철길건널목,경보기 무시,1,0,3
2012,2월,철길건널목,기타/불명,1,0,1
2012,3월,차대사람,횡단중,1759,95,1814
2012,3월,차대사람,차도통행중,344,15,351
2012,3월,차대사람,길가장자리구역통행중,337,13,355
2012,3월,차대사람,보도통행중,202,7,210
2012,3월,차대사람,기타/불명,1636,38,1699
2012,3월,차대차,충돌,6320,87,10604
2012,3월,차대차,기타/불명,2804,20,4347
2012,3월,차대차,진행중 추돌,2190,27,4043
2012,3월,차대차,주정차중 추돌,1794,14,3385
2012,3월,차량단독,전도/전복,78,9,86
2012,3월,차량단독,충돌,372,44,513
2012,3월,차량단독,추락,53,14,67
2012,3월,차량단독,기타이탈,17,3,33
2012,3월,차량단독,기타/불명,349,17,392
2012,4월,차대사람,횡단중,1754,75,1797
2012,4월,차대사람,차도통행중,350,16,349
2012,4월,차대사람,길가장자리구역통행중,350,5,361
2012,4월,차대사람,보도통행중,213,5,231
2012,4월,차대사람,기타/불명,1772,57,1829
2012,4월,차대차,충돌,6740,111,11186
2012,4월,차대차,기타/불명,3029,41,4634
2012,4월,차대차,진행중 추돌,2250,32,4179
2012,4월,차대차,주정차중 추돌,1929,18,3814
2012,4월,차량단독,전도/전복,139,26,194
2012,4월,차량단독,충돌,400,59,525
2012,4월,차량단독,추락,38,10,44
2012,4월,차량단독,기타이탈,35,6,61
2012,4월,차량단독,기타/불명,372,20,423
2012,4월,철길건널목,차단기돌파,1,2,1
2012,5월,차대사람,횡단중,1694,62,1729
2012,5월,차대사람,차도통행중,346,17,348
2012,5월,차대사람,길가장자리구역통행중,310,2,324
2012,5월,차대사람,보도통행중,205,5,216
2012,5월,차대사람,기타/불명,1835,50,1901
2012,5월,차대차,충돌,6819,110,11358
2012,5월,차대차,기타/불명,3417,33,5112
2012,5월,차대차,진행중 추돌,2361,46,4386
2012,5월,차대차,주정차중 추돌,1722,17,3492
2012,5월,차량단독,전도/전복,149,33,178
2012,5월,차량단독,충돌,350,46,520
2012,5월,차량단독,추락,28,4,83
2012,5월,차량단독,기타이탈,34,3,50
2012,5월,차량단독,기타/불명,402,16,466
2012,6월,차대사람,횡단중,1520,63,1566
2012,6월,차대사람,차도통행중,309,12,314
2012,6월,차대사람,길가장자리구역통행중,271,6,279
2012,6월,차대사람,보도통행중,222,7,242
2012,6월,차대사람,기타/불명,1866,46,1939
2012,6월,차대차,충돌,6404,121,10410
2012,6월,차대차,기타/불명,3448,37,5245
2012,6월,차대차,진행중 추돌,2143,30,3868
2012,6월,차대차,주정차중 추돌,1662,21,3158
2012,6월,차량단독,전도/전복,177,44,262
2012,6월,차량단독,충돌,403,55,536
2012,6월,차량단독,추락,45,16,40
2012,6월,차량단독,기타이탈,37,9,46
2012,6월,차량단독,기타/불명,346,9,408
2012,6월,철길건널목,기타/불명,1,0,1
2012,7월,차대사람,횡단중,1559,65,1585
2012,7월,차대사람,차도통행중,302,19,298
2012,7월,차대사람,길가장자리구역통행중,270,3,285
2012,7월,차대사람,보도통행중,212,6,225
2012,7월,차대사람,기타/불명,1764,53,1823
2012,7월,차대차,충돌,6575,86,10949
2012,7월,차대차,기타/불명,3609,35,5477
2012,7월,차대차,진행중 추돌,2247,20,4140
2012,7월,차대차,주정차중 추돌,1821,23,3553
2012,7월,차량단독,전도/전복,146,25,166
2012,7월,차량단독,충돌,409,59,587
2012,7월,차량단독,추락,34,9,99
2012,7월,차량단독,기타이탈,28,2,35
2012,7월,차량단독,기타/불명,355,11,416
2012,7월,철길건널목,경보기 무시,1,0,1
2012,7월,철길건널목,기타/불명,1,0,3
2012,8월,차대사람,횡단중,1450,65,1492
2012,8월,차대사람,차도통행중,296,11,300
2012,8월,차대사람,길가장자리구역통행중,263,5,278
2012,8월,차대사람,보도통행중,200,9,206
2012,8월,차대사람,기타/불명,1609,39,1671
2012,8월,차대차,충돌,6131,101,10440
2012,8월,차대차,기타/불명,3474,43,5521
2012,8월,차대차,진행중 추돌,2180,25,4157
2012,8월,차대차,주정차중 추돌,1848,17,3760
2012,8월,차량단독,전도/전복,144,17,175
2012,8월,차량단독,충돌,397,41,557
2012,8월,차량단독,추락,46,11,73
2012,8월,차량단독,기타이탈,40,7,51
2012,8월,차량단독,기타/불명,329,18,370
2012,9월,차대사람,횡단중,1570,81,1607
2012,9월,차대사람,차도통행중,316,12,324
2012,9월,차대사람,길가장자리구역통행중,279,11,292
2012,9월,차대사람,보도통행중,202,10,213
2012,9월,차대사람,기타/불명,1839,61,1877
2012,9월,차대차,충돌,6295,89,10454
2012,9월,차대차,기타/불명,3522,51,5329
2012,9월,차대차,진행중 추돌,2445,32,4511
2012,9월,차대차,주정차중 추돌,1842,27,3710
2012,9월,차량단독,전도/전복,148,28,179
2012,9월,차량단독,충돌,349,46,483
2012,9월,차량단독,추락,42,9,62
2012,9월,차량단독,기타이탈,27,6,33
2012,9월,차량단독,기타/불명,358,23,388
2012,10월,차대사람,횡단중,1713,104,1711
2012,10월,차대사람,차도통행중,325,14,336
2012,10월,차대사람,길가장자리구역통행중,295,6,299
2012,10월,차대사람,보도통행중,214,8,228
2012,10월,차대사람,기타/불명,1922,80,1957
2012,10월,차대차,충돌,6392,105,10453
2012,10월,차대차,기타/불명,3738,62,5835
2012,10월,차대차,진행중 추돌,2257,36,4220
2012,10월,차대차,주정차중 추돌,1798,15,3619
2012,10월,차량단독,전도/전복,140,15,179
2012,10월,차량단독,충돌,342,55,426
2012,10월,차량단독,추락,38,9,72
2012,10월,차량단독,기타이탈,41,11,44
2012,10월,차량단독,기타/불명,342,13,380
2012,11월,차대사람,횡단중,1871,113,1887
2012,11월,차대사람,차도통행중,358,17,369
2012,11월,차대사람,길가장자리구역통행중,299,14,290
2012,11월,차대사람,보도통행중,202,10,212
2012,11월,차대사람,기타/불명,1966,62,2018
2012,11월,차대차,충돌,6357,84,10593
2012,11월,차대차,기타/불명,3548,40,5353
2012,11월,차대차,진행중 추돌,2416,33,4528
2012,11월,차대차,주정차중 추돌,1861,37,3687
2012,11월,차량단독,전도/전복,115,27,145
2012,11월,차량단독,충돌,350,44,486
2012,11월,차량단독,추락,33,4,58
2012,11월,차량단독,기타이탈,35,6,52
2012,11월,차량단독,기타/불명,339,17,376
2012,12월,차대사람,횡단중,1605,89,1640
2012,12월,차대사람,차도통행중,296,16,301
2012,12월,차대사람,길가장자리구역통행중,268,9,287
2012,12월,차대사람,보도통행중,159,3,165
2012,12월,차대사람,기타/불명,1802,57,1889
2012,12월,차대차,충돌,5324,66,9278
2012,12월,차대차,기타/불명,3171,36,5251
2012,12월,차대차,진행중 추돌,2195,25,4190
2012,12월,차대차,주정차중 추돌,1960,17,3993
2012,12월,차량단독,전도/전복,126,24,178
2012,12월,차량단독,충돌,457,60,655
2012,12월,차량단독,추락,40,10,78
2012,12월,차량단독,기타이탈,36,4,54
2012,12월,차량단독,기타/불명,307,7,353
2012,12월,철길건널목,기타/불명,2,0,2
2013,전체,차대사람,횡단중,18165,922,18452
2013,전체,차대사람,차도통행중,3335,162,3339
2013,전체,차대사람,길가장자리구역통행중,3119,89,3191
2013,전체,차대사람,보도통행중,2216,58,2327
2013,전체,차대사람,기타/불명,22295,697,22926
2013,전체,차대차,충돌,67136,872,111965
2013,전체,차대차,기타/불명,44915,525,69807
2013,전체,차대차,진행중 추돌,24381,341,45829
2013,전체,차대차,주정차중 추돌,18824,195,37194
2013,전체,차량단독,전도/전복,1534,267,1990
2013,전체,차량단독,충돌,4527,579,5986
2013,전체,차량단독,추락,443,139,540
2013,전체,차량단독,기타이탈,345,54,498
2013,전체,차량단독,기타/불명,4115,189,4664
2013,전체,철길건널목,차단기돌파,1,0,1
2013,전체,철길건널목,직전진행,1,2,1
2013,전체,철길건널목,기타/불명,2,1,1
2013,1월,차대사람,횡단중,1514,84,1515
2013,1월,차대사람,차도통행중,276,23,265
2013,1월,차대사람,길가장자리구역통행중,257,7,266
2013,1월,차대사람,보도통행중,157,5,158
2013,1월,차대사람,기타/불명,1546,55,1551
2013,1월,차대차,충돌,4972,52,8632
2013,1월,차대차,기타/불명,3001,23,4949
2013,1월,차대차,진행중 추돌,1859,25,3414
2013,1월,차대차,주정차중 추돌,1603,16,3198
2013,1월,차량단독,전도/전복,112,22,186
2013,1월,차량단독,충돌,389,45,569
2013,1월,차량단독,추락,34,12,38
2013,1월,차량단독,기타이탈,24,3,39
2013,1월,차량단독,기타/불명,272,17,314
2013,2월,차대사람,횡단중,1186,62,1188
2013,2월,차대사람,차도통행중,269,10,267
2013,2월,차대사람,길가장자리구역통행중,228,13,226
2013,2월,차대사람,보도통행중,138,3,151
2013,2월,차대사람,기타/불명,1423,43,1457
2013,2월,차대차,충돌,4539,47,7872
2013,2월,차대차,기타/불명,2550,30,4124
2013,2월,차대차,진행중 추돌,1616,18,3082
2013,2월,차대차,주정차중 추돌,1456,11,2857
2013,2월,차량단독,전도/전복,100,12,126
2013,2월,차량단독,충돌,358,59,510
2013,2월,차량단독,추락,30,9,38
2013,2월,차량단독,기타이탈,28,3,35
2013,2월,차량단독,기타/불명,266,15,322
2013,3월,차대사람,횡단중,1566,80,1586
2013,3월,차대사람,차도통행중,310,14,315
2013,3월,차대사람,길가장자리구역통행중,294,8,301
2013,3월,차대사람,보도통행중,215,3,236
2013,3월,차대사람,기타/불명,1716,51,1756
2013,3월,차대차,충돌,5579,61,9266
2013,3월,차대차,기타/불명,3305,36,5111
2013,3월,차대차,진행중 추돌,2006,35,3745
2013,3월,차대차,주정차중 추돌,1588,17,3075
2013,3월,차량단독,전도/전복,114,12,126
2013,3월,차량단독,충돌,370,56,471
2013,3월,차량단독,추락,41,13,49
2013,3월,차량단독,기타이탈,27,5,39
2013,3월,차량단독,기타/불명,334,18,385
2013,4월,차대사람,횡단중,1509,63,1562
2013,4월,차대사람,차도통행중,330,19,327
2013,4월,차대사람,길가장자리구역통행중,252,2,261
2013,4월,차대사람,보도통행중,188,5,195
2013,4월,차대사람,기타/불명,1728,46,1800
2013,4월,차대차,충돌,5886,60,9908
2013,4월,차대차,기타/불명,3443,43,5305
2013,4월,차대차,진행중 추돌,2007,21,3889
2013,4월,차대차,주정차중 추돌,1659,12,3323
2013,4월,차량단독,전도/전복,130,26,164
2013,4월,차량단독,충돌,408,53,512
2013,4월,차량단독,추락,55,12,68
2013,4월,차량단독,기타이탈,32,7,36
2013,4월,차량단독,기타/불명,404,11,445
2013,5월,차대사람,횡단중,1672,69,1709
2013,5월,차대사람,차도통행중,282,10,279
2013,5월,차대사람,길가장자리구역통행중,290,6,299
2013,5월,차대사람,보도통행중,202,4,215
2013,5월,차대사람,기타/불명,2010,47,2082
2013,5월,차대차,충돌,6419,80,10658
2013,5월,차대차,기타/불명,3982,54,6127
2013,5월,차대차,진행중 추돌,2161,28,3937
2013,5월,차대차,주정차중 추돌,1660,12,3151
2013,5월,차량단독,전도/전복,140,23,181
2013,5월,차량단독,충돌,390,47,500
2013,5월,차량단독,추락,39,16,41
2013,5월,차량단독,기타이탈,37,9,41
2013,5월,차량단독,기타/불명,401,15,455
2013,5월,철길건널목,차단기돌파,1,0,1
2013,6월,차대사람,횡단중,1385,77,1396
2013,6월,차대사람,차도통행중,274,9,279
2013,6월,차대사람,길가장자리구역통행중,242,6,249
2013,6월,차대사람,보도통행중,204,8,213
2013,6월,차대사람,기타/불명,1844,59,1882
2013,6월,차대차,충돌,5905,86,9612
2013,6월,차대차,기타/불명,3961,44,6082
2013,6월,차대차,진행중 추돌,2081,35,3738
2013,6월,차대차,주정차중 추돌,1475,12,3032
2013,6월,차량단독,전도/전복,154,28,172
2013,6월,차량단독,충돌,399,39,539
2013,6월,차량단독,추락,27,6,45
2013,6월,차량단독,기타이탈,30,4,46
2013,6월,차량단독,기타/불명,347,22,388
2013,6월,철길건널목,기타/불명,1,1,0
2013,7월,차대사람,횡단중,1420,63,1458
2013,7월,차대사람,차도통행중,256,12,261
2013,7월,차대사람,길가장자리구역통행중,251,4,260
2013,7월,차대사람,보도통행중,176,3,185
2013,7월,차대사람,기타/불명,1802,57,1846
2013,7월,차대차,충돌,5982,98,10042
2013,7월,차대차,기타/불명,3813,56,5920
2013,7월,차대차,진행중 추돌,2091,26,3968
2013,7월,차대차,주정차중 추돌,1602,9,3127
2013,7월,차량단독,전도/전복,156,28,190
2013,7월,차량단독,충돌,442,49,600
2013,7월,차량단독,추락,53,18,66
2013,7월,차량단독,기타이탈,44,3,66
2013,7월,차량단독,기타/불명,352,18,397
2013,7월,철길건널목,기타/불명,1,0,1
2013,8월,차대사람,횡단중,1318,49,1347
2013,8월,차대사람,차도통행중,238,12,249
2013,8월,차대사람,길가장자리구역통행중,240,9,244
2013,8월,차대사람,보도통행중,174,3,184
2013,8월,차대사람,기타/불명,1895,59,1970
2013,8월,차대차,충돌,5941,79,10046
2013,8월,차대차,기타/불명,4311,49,6679
2013,8월,차대차,진행중 추돌,2076,40,4013
2013,8월,차대차,주정차중 추돌,1525,18,3153
2013,8월,차량단독,전도/전복,148,25,215
2013,8월,차량단독,충돌,376,43,524
2013,8월,차량단독,추락,45,10,61
2013,8월,차량단독,기타이탈,33,2,59
2013,8월,차량단독,기타/불명,370,12,445
2013,8월,철길건널목,직전진행,1,2,1
2013,9월,차대사람,횡단중,1451,82,1472
2013,9월,차대사람,차도통행중,219,10,222
2013,9월,차대사람,길가장자리구역통행중,250,8,254
2013,9월,차대사람,보도통행중,187,1,200
2013,9월,차대사람,기타/불명,1895,52,1970
2013,9월,차대차,충돌,5347,88,8650
2013,9월,차대차,기타/불명,4021,40,6192
2013,9월,차대차,진행중 추돌,2025,21,3875
2013,9월,차대차,주정차중 추돌,1530,18,3068
2013,9월,차량단독,전도/전복,138,25,186
2013,9월,차량단독,충돌,345,53,414
2013,9월,차량단독,추락,32,16,34
2013,9월,차량단독,기타이탈,18,3,31
2013,9월,차량단독,기타/불명,348,13,370
2013,10월,차대사람,횡단중,1648,103,1651
2013,10월,차대사람,차도통행중,290,12,285
2013,10월,차대사람,길가장자리구역통행중,293,10,296
2013,10월,차대사람,보도통행중,207,10,209
2013,10월,차대사람,기타/불명,2159,72,2226
2013,10월,차대차,충돌,5996,78,9750
2013,10월,차대차,기타/불명,4469,51,6715
2013,10월,차대차,진행중 추돌,2241,34,4144
2013,10월,차대차,주정차중 추돌,1559,16,3075
2013,10월,차량단독,전도/전복,132,28,184
2013,10월,차량단독,충돌,359,52,470
2013,10월,차량단독,추락,30,7,29
2013,10월,차량단독,기타이탈,27,4,37
2013,10월,차량단독,기타/불명,387,22,436
2013,11월,차대사람,횡단중,1819,96,1865
2013,11월,차대사람,차도통행중,317,18,315
2013,11월,차대사람,길가장자리구역통행중,289,9,292
2013,11월,차대사람,보도통행중,192,7,198
2013,11월,차대사람,기타/불명,2231,77,2291
2013,11월,차대차,충돌,5548,70,8998
2013,11월,차대차,기타/불명,4236,53,6565
2013,11월,차대차,진행중 추돌,2247,34,4271
2013,11월,차대차,주정차중 추돌,1656,24,3160
2013,11월,차량단독,전도/전복,112,19,140
2013,11월,차량단독,충돌,349,41,435
2013,11월,차량단독,추락,32,11,39
2013,11월,차량단독,기타이탈,29,7,48
2013,11월,차량단독,기타/불명,339,13,369
2013,12월,차대사람,횡단중,1677,94,1703
2013,12월,차대사람,차도통행중,274,13,275
2013,12월,차대사람,길가장자리구역통행중,233,7,243
2013,12월,차대사람,보도통행중,176,6,183
2013,12월,차대사람,기타/불명,2046,79,2095
2013,12월,차대차,충돌,5022,73,8531
2013,12월,차대차,기타/불명,3823,46,6038
2013,12월,차대차,진행중 추돌,1971,24,3753
2013,12월,차대차,주정차중 추돌,1511,30,2975
2013,12월,차량단독,전도/전복,98,19,120
2013,12월,차량단독,충돌,342,42,442
2013,12월,차량단독,추락,25,9,32
2013,12월,차량단독,기타이탈,16,4,21
2013,12월,차량단독,기타/불명,295,13,338
2014,전체,차대사람,횡단중,17544,883,17838
2014,전체,차대사람,차도통행중,3059,146,3061
2014,전체,차대사람,길가장자리구역통행중,2872,80,2950
2014,전체,차대사람,보도통행중,2188,45,2365
2014,전체,차대사람,기타/불명,24652,689,25376
2014,전체,차대차,충돌,62775,814,103387
2014,전체,차대차,기타/불명,56378,596,87350
2014,전체,차대차,진행중 추돌,24783,309,45760
2014,전체,차대차,주정차중 추돌,18245,195,35650
2014,전체,차량단독,전도/전복,1558,226,2048
2014,전체,차량단독,충돌,4320,467,5816
2014,전체,차량단독,추락,385,102,506
2014,전체,차량단독,기타이탈,288,42,394
2014,전체,차량단독,기타/불명,4503,168,4994
2014,전체,철길건널목,기타/불명,2,0,2
2014,1월,차대사람,횡단중,1370,81,1360
2014,1월,차대사람,차도통행중,242,18,234
2014,1월,차대사람,길가장자리구역통행중,212,13,207
2014,1월,차대사람,보도통행중,199,3,214
2014,1월,차대사람,기타/불명,1767,62,1801
2014,1월,차대차,충돌,4642,51,7853
2014,1월,차대차,기타/불명,3584,49,5624
2014,1월,차대차,진행중 추돌,1786,25,3426
2014,1월,차대차,주정차중 추돌,1331,16,2648
2014,1월,차량단독,전도/전복,100,7,164
2014,1월,차량단독,충돌,349,39,435
2014,1월,차량단독,추락,23,4,33
2014,1월,차량단독,기타이탈,18,5,21
2014,1월,차량단독,기타/불명,282,16,308
2014,2월,차대사람,횡단중,1220,64,1241
2014,2월,차대사람,차도통행중,213,9,212
2014,2월,차대사람,길가장자리구역통행중,190,1,197
2014,2월,차대사람,보도통행중,147,2,157
2014,2월,차대사람,기타/불명,1476,47,1516
2014,2월,차대차,충돌,4151,67,7077
2014,2월,차대차,기타/불명,3198,31,5033
2014,2월,차대차,진행중 추돌,1588,21,2927
2014,2월,차대차,주정차중 추돌,1213,11,2297
2014,2월,차량단독,전도/전복,76,17,85
2014,2월,차량단독,충돌,299,30,449
2014,2월,차량단독,추락,21,10,14
2014,2월,차량단독,기타이탈,14,2,14
2014,2월,차량단독,기타/불명,255,13,282
2014,3월,차대사람,횡단중,1547,56,1625
2014,3월,차대사람,차도통행중,290,11,298
2014,3월,차대사람,길가장자리구역통행중,288,7,295
2014,3월,차대사람,보도통행중,204,5,228
2014,3월,차대사람,기타/불명,1912,48,1971
2014,3월,차대차,충돌,5262,71,8612
2014,3월,차대차,기타/불명,4327,32,6786
2014,3월,차대차,진행중 추돌,2107,24,3791
2014,3월,차대차,주정차중 추돌,1588,17,3054
2014,3월,차량단독,전도/전복,119,19,154
2014,3월,차량단독,충돌,354,43,435
2014,3월,차량단독,추락,31,7,36
2014,3월,차량단독,기타이탈,23,3,27
2014,3월,차량단독,기타/불명,368,15,402
2014,4월,차대사람,횡단중,1521,64,1564
2014,4월,차대사람,차도통행중,244,7,243
2014,4월,차대사람,길가장자리구역통행중,244,8,250
2014,4월,차대사람,보도통행중,172,5,202
2014,4월,차대사람,기타/불명,2005,51,2045
2014,4월,차대차,충돌,5278,50,8582
2014,4월,차대차,기타/불명,4559,43,6863
2014,4월,차대차,진행중 추돌,2026,19,3651
2014,4월,차대차,주정차중 추돌,1489,15,2819
2014,4월,차량단독,전도/전복,136,27,186
2014,4월,차량단독,충돌,344,32,440
2014,4월,차량단독,추락,28,8,37
2014,4월,차량단독,기타이탈,23,2,27
2014,4월,차량단독,기타/불명,373,10,413
2014,4월,철길건널목,기타/불명,1,0,1
2014,5월,차대사람,횡단중,1568,58,1606
2014,5월,차대사람,차도통행중,289,9,288
2014,5월,차대사람,길가장자리구역통행중,287,7,293
2014,5월,차대사람,보도통행중,218,0,242
2014,5월,차대사람,기타/불명,2227,46,2307
2014,5월,차대차,충돌,5776,76,9479
2014,5월,차대차,기타/불명,5148,62,7884
2014,5월,차대차,진행중 추돌,2201,26,4185
2014,5월,차대차,주정차중 추돌,1642,25,3180
2014,5월,차량단독,전도/전복,153,25,224
2014,5월,차량단독,충돌,336,38,471
2014,5월,차량단독,추락,37,7,48
2014,5월,차량단독,기타이탈,26,4,30
2014,5월,차량단독,기타/불명,406,15,447
2014,6월,차대사람,횡단중,1294,55,1319
2014,6월,차대사람,차도통행중,230,7,231
2014,6월,차대사람,길가장자리구역통행중,226,7,233
2014,6월,차대사람,보도통행중,173,3,183
2014,6월,차대사람,기타/불명,2114,40,2200
2014,6월,차대차,충돌,5313,75,8691
2014,6월,차대차,기타/불명,4711,53,7198
2014,6월,차대차,진행중 추돌,2028,28,3633
2014,6월,차대차,주정차중 추돌,1474,12,2825
2014,6월,차량단독,전도/전복,135,23,163
2014,6월,차량단독,충돌,357,33,516
2014,6월,차량단독,추락,42,12,41
2014,6월,차량단독,기타이탈,32,3,59
2014,6월,차량단독,기타/불명,401,16,448
2014,7월,차대사람,횡단중,1378,66,1399
2014,7월,차대사람,차도통행중,253,11,256
2014,7월,차대사람,길가장자리구역통행중,220,7,227
2014,7월,차대사람,보도통행중,177,1,194
2014,7월,차대사람,기타/불명,2070,54,2141
2014,7월,차대차,충돌,5673,73,9171
2014,7월,차대차,기타/불명,5138,53,7862
2014,7월,차대차,진행중 추돌,2123,29,3966
2014,7월,차대차,주정차중 추돌,1535,12,2957
2014,7월,차량단독,전도/전복,163,24,209
2014,7월,차량단독,충돌,421,48,609
2014,7월,차량단독,추락,34,10,37
2014,7월,차량단독,기타이탈,31,4,49
2014,7월,차량단독,기타/불명,433,15,519
2014,8월,차대사람,횡단중,1347,66,1369
2014,8월,차대사람,차도통행중,251,7,251
2014,8월,차대사람,길가장자리구역통행중,235,2,243
2014,8월,차대사람,보도통행중,149,1,160
2014,8월,차대사람,기타/불명,2082,56,2171
2014,8월,차대차,충돌,5542,72,9335
2014,8월,차대차,기타/불명,5172,48,8264
2014,8월,차대차,진행중 추돌,2177,20,4192
2014,8월,차대차,주정차중 추돌,1599,15,3332
2014,8월,차량단독,전도/전복,145,13,176
2014,8월,차량단독,충돌,415,35,586
2014,8월,차량단독,추락,39,10,55
2014,8월,차량단독,기타이탈,22,4,28
2014,8월,차량단독,기타/불명,427,10,470
2014,8월,철길건널목,기타/불명,1,0,1
2014,9월,차대사람,횡단중,1361,67,1365
2014,9월,차대사람,차도통행중,238,9,243
2014,9월,차대사람,길가장자리구역통행중,242,9,256
2014,9월,차대사람,보도통행중,200,11,210
2014,9월,차대사람,기타/불명,2193,74,2256
2014,9월,차대차,충돌,5241,77,8542
2014,9월,차대차,기타/불명,5064,68,7822
2014,9월,차대차,진행중 추돌,2141,28,3970
2014,9월,차대차,주정차중 추돌,1591,10,3221
2014,9월,차량단독,전도/전복,167,23,207
2014,9월,차량단독,충돌,333,47,411
2014,9월,차량단독,추락,34,5,59
2014,9월,차량단독,기타이탈,26,4,28
2014,9월,차량단독,기타/불명,412,13,462
2014,10월,차대사람,횡단중,1608,108,1633
2014,10월,차대사람,차도통행중,250,12,252
2014,10월,차대사람,길가장자리구역통행중,239,4,250
2014,10월,차대사람,보도통행중,174,4,187
2014,10월,차대사람,기타/불명,2345,69,2406
2014,10월,차대차,충돌,5680,72,9306
2014,10월,차대차,기타/불명,5452,56,8348
2014,10월,차대차,진행중 추돌,2342,32,4234
2014,10월,차대차,주정차중 추돌,1713,17,3394
2014,10월,차량단독,전도/전복,138,16,167
2014,10월,차량단독,충돌,371,43,516
2014,10월,차량단독,추락,33,7,53
2014,10월,차량단독,기타이탈,22,6,29
2014,10월,차량단독,기타/불명,393,24,424
2014,11월,차대사람,횡단중,1593,107,1578
2014,11월,차대사람,차도통행중,300,19,304
2014,11월,차대사람,길가장자리구역통행중,255,9,260
2014,11월,차대사람,보도통행중,206,8,213
2014,11월,차대사람,기타/불명,2231,70,2281
2014,11월,차대차,충돌,5359,78,8658
2014,11월,차대차,기타/불명,5256,50,8149
2014,11월,차대차,진행중 추돌,2224,34,4062
2014,11월,차대차,주정차중 추돌,1527,26,2921
2014,11월,차량단독,전도/전복,115,15,161
2014,11월,차량단독,충돌,351,41,412
2014,11월,차량단독,추락,34,10,49
2014,11월,차량단독,기타이탈,27,1,55
2014,11월,차량단독,기타/불명,394,8,422
2014,12월,차대사람,횡단중,1737,91,1779
2014,12월,차대사람,차도통행중,259,27,249
2014,12월,차대사람,길가장자리구역통행중,234,6,239
2014,12월,차대사람,보도통행중,169,2,175
2014,12월,차대사람,기타/불명,2230,72,2281
2014,12월,차대차,충돌,4858,52,8081
2014,12월,차대차,기타/불명,4769,51,7517
2014,12월,차대차,진행중 추돌,2040,23,3723
2014,12월,차대차,주정차중 추돌,1543,19,3002
2014,12월,차량단독,전도/전복,111,17,152
2014,12월,차량단독,충돌,390,38,536
2014,12월,차량단독,추락,29,12,44
2014,12월,차량단독,기타이탈,24,4,27
2014,12월,차량단독,기타/불명,359,13,397
2015,전체,차대사람,횡단중,21913,954,22393
2015,전체,차대사람,차도통행중,4377,183,4423
2015,전체,차대사람,길가장자리구역통행중,4567,134,4628
2015,전체,차대사람,보도통행중,2668,47,2829
2015,전체,차대사람,기타/불명,17455,446,17997
2015,전체,차대차,충돌,79986,959,130605
2015,전체,차대차,기타/불명,42328,429,64805
2015,전체,차대차,진행중 추돌,28349,354,52070
2015,전체,차대차,주정차중 추돌,18808,192,36502
2015,전체,차량단독,전도/전복,2188,232,2628
2015,전체,차량단독,충돌,4629,469,6083
2015,전체,차량단독,추락,418,76,553
2015,전체,차량단독,기타이탈,340,41,508
2015,전체,차량단독,기타/불명,4004,104,4371
2015,전체,철길건널목,차단기돌파,3,1,2
2015,전체,철길건널목,경보기 무시,1,0,2
2015,전체,철길건널목,기타/불명,1,0,1
2015,1월,차대사람,횡단중,1693,100,1708
2015,1월,차대사람,차도통행중,396,20,393
2015,1월,차대사람,길가장자리구역통행중,412,12,420
2015,1월,차대사람,보도통행중,205,7,209
2015,1월,차대사람,기타/불명,1320,44,1359
2015,1월,차대차,충돌,5313,59,9039
2015,1월,차대차,기타/불명,3117,26,4942
2015,1월,차대차,진행중 추돌,2030,18,3810
2015,1월,차대차,주정차중 추돌,1485,20,2871
2015,1월,차량단독,전도/전복,141,19,167
2015,1월,차량단독,충돌,436,45,560
2015,1월,차량단독,추락,33,4,54
2015,1월,차량단독,기타이탈,31,1,44
2015,1월,차량단독,기타/불명,290,6,311
2015,2월,차대사람,횡단중,1410,58,1454
2015,2월,차대사람,차도통행중,348,13,352
2015,2월,차대사람,길가장자리구역통행중,384,9,384
2015,2월,차대사람,보도통행중,164,3,176
2015,2월,차대사람,기타/불명,1102,32,1129
2015,2월,차대차,충돌,4998,46,8279
2015,2월,차대차,기타/불명,2531,40,4056
2015,2월,차대차,진행중 추돌,1943,23,3717
2015,2월,차대차,주정차중 추돌,1278,15,2502
2015,2월,차량단독,전도/전복,89,11,101
2015,2월,차량단독,충돌,344,31,462
2015,2월,차량단독,추락,29,3,32
2015,2월,차량단독,기타이탈,32,6,50
2015,2월,차량단독,기타/불명,287,6,305
2015,3월,차대사람,횡단중,1724,79,1766
2015,3월,차대사람,차도통행중,410,20,408
2015,3월,차대사람,길가장자리구역통행중,450,16,452
2015,3월,차대사람,보도통행중,215,4,226
2015,3월,차대사람,기타/불명,1385,34,1420
2015,3월,차대차,충돌,6190,66,9998
2015,3월,차대차,기타/불명,3298,30,5113
2015,3월,차대차,진행중 추돌,2439,28,4381
2015,3월,차대차,주정차중 추돌,1586,19,3067
2015,3월,차량단독,전도/전복,148,17,178
2015,3월,차량단독,충돌,411,48,515
2015,3월,차량단독,추락,36,8,49
2015,3월,차량단독,기타이탈,27,1,38
2015,3월,차량단독,기타/불명,297,8,310
2015,4월,차대사람,횡단중,1746,63,1805
2015,4월,차대사람,차도통행중,414,19,416
2015,4월,차대사람,길가장자리구역통행중,438,10,463
2015,4월,차대사람,보도통행중,259,3,273
2015,4월,차대사람,기타/불명,1459,37,1524
2015,4월,차대차,충돌,6530,83,10589
2015,4월,차대차,기타/불명,3584,29,5539
2015,4월,차대차,진행중 추돌,2434,22,4577
2015,4월,차대차,주정차중 추돌,1593,16,3088
2015,4월,차량단독,전도/전복,129,9,155
2015,4월,차량단독,충돌,428,46,556
2015,4월,차량단독,추락,40,5,64
2015,4월,차량단독,기타이탈,28,6,46
2015,4월,차량단독,기타/불명,304,6,336
2015,5월,차대사람,횡단중,1787,66,1854
2015,5월,차대사람,차도통행중,418,18,430
2015,5월,차대사람,길가장자리구역통행중,450,11,458
2015,5월,차대사람,보도통행중,270,2,284
2015,5월,차대사람,기타/불명,1534,34,1575
2015,5월,차대차,충돌,6905,92,11376
2015,5월,차대차,기타/불명,4004,33,6110
2015,5월,차대차,진행중 추돌,2514,32,4579
2015,5월,차대차,주정차중 추돌,1603,10,3249
2015,5월,차량단독,전도/전복,216,18,255
2015,5월,차량단독,충돌,432,50,610
2015,5월,차량단독,추락,39,9,42
2015,5월,차량단독,기타이탈,35,4,74
2015,5월,차량단독,기타/불명,336,10,368
2015,6월,차대사람,횡단중,1431,51,1472
2015,6월,차대사람,차도통행중,397,16,401
2015,6월,차대사람,길가장자리구역통행중,420,9,428
2015,6월,차대사람,보도통행중,221,9,229
2015,6월,차대사람,기타/불명,1288,31,1327
2015,6월,차대차,충돌,6203,92,9698
2015,6월,차대차,기타/불명,3763,47,5614
2015,6월,차대차,진행중 추돌,2295,26,4086
2015,6월,차대차,주정차중 추돌,1580,17,2984
2015,6월,차량단독,전도/전복,220,26,248
2015,6월,차량단독,충돌,427,35,500
2015,6월,차량단독,추락,40,13,53
2015,6월,차량단독,기타이탈,35,6,54
2015,6월,차량단독,기타/불명,329,12,375
2015,7월,차대사람,횡단중,1462,59,1492
2015,7월,차대사람,차도통행중,314,7,323
2015,7월,차대사람,길가장자리구역통행중,324,7,327
2015,7월,차대사람,보도통행중,220,3,237
2015,7월,차대사람,기타/불명,1901,49,1940
2015,7월,차대차,충돌,6283,77,10179
2015,7월,차대차,기타/불명,4714,43,7092
2015,7월,차대차,진행중 추돌,2282,16,4107
2015,7월,차대차,주정차중 추돌,1683,15,3280
2015,7월,차량단독,전도/전복,176,24,203
2015,7월,차량단독,충돌,469,40,701
2015,7월,차량단독,추락,40,7,63
2015,7월,차량단독,기타이탈,26,2,38
2015,7월,차량단독,기타/불명,383,10,425
2015,7월,철길건널목,경보기 무시,1,0,2
2015,8월,차대사람,횡단중,1419,64,1450
2015,8월,차대사람,차도통행중,307,8,311
2015,8월,차대사람,길가장자리구역통행중,269,9,284
2015,8월,차대사람,보도통행중,216,5,227
2015,8월,차대사람,기타/불명,1758,40,1827
2015,8월,차대차,충돌,6221,84,10282
2015,8월,차대차,기타/불명,4637,37,7299
2015,8월,차대차,진행중 추돌,2358,43,4489
2015,8월,차대차,주정차중 추돌,1596,19,3136
2015,8월,차량단독,전도/전복,179,15,219
2015,8월,차량단독,충돌,442,53,566
2015,8월,차량단독,추락,44,9,56
2015,8월,차량단독,기타이탈,34,5,47
2015,8월,차량단독,기타/불명,384,14,425
2015,9월,차대사람,횡단중,1684,71,1711
2015,9월,차대사람,차도통행중,451,17,460
2015,9월,차대사람,길가장자리구역통행중,447,11,455
2015,9월,차대사람,보도통행중,265,3,286
2015,9월,차대사람,기타/불명,1585,28,1664
2015,9월,차대차,충돌,7048,92,11287
2015,9월,차대차,기타/불명,3778,35,5595
2015,9월,차대차,진행중 추돌,2828,44,5245
2015,9월,차대차,주정차중 추돌,1737,14,3373
2015,9월,차량단독,전도/전복,164,15,180
2015,9월,차량단독,충돌,368,38,492
2015,9월,차량단독,추락,44,8,54
2015,9월,차량단독,기타이탈,33,4,38
2015,9월,차량단독,기타/불명,378,7,415
2015,9월,철길건널목,차단기돌파,1,0,1
2015,10월,차대사람,횡단중,1787,95,1813
2015,10월,차대사람,차도통행중,407,19,404
2015,10월,차대사람,길가장자리구역통행중,435,19,430
2015,10월,차대사람,보도통행중,288,3,315
2015,10월,차대사람,기타/불명,1861,50,1900
2015,10월,차대차,충돌,7033,111,11335
2015,10월,차대차,기타/불명,4048,49,6124
2015,10월,차대차,진행중 추돌,2948,38,5442
2015,10월,차대차,주정차중 추돌,1782,15,3486
2015,10월,차량단독,전도/전복,158,18,200
2015,10월,차량단독,충돌,354,28,462
2015,10월,차량단독,추락,42,6,51
2015,10월,차량단독,기타이탈,30,5,34
2015,10월,차량단독,기타/불명,412,13,439
2015,10월,철길건널목,차단기돌파,1,1,0
2015,10월,철길건널목,기타/불명,1,0,1
2015,11월,차대사람,횡단중,2619,112,2672
2015,11월,차대사람,차도통행중,363,16,365
2015,11월,차대사람,길가장자리구역통행중,306,15,298
2015,11월,차대사람,보도통행중,233,4,248
2015,11월,차대사람,기타/불명,1401,36,1453
2015,11월,차대차,충돌,7655,70,12507
2015,11월,차대차,기타/불명,3103,25,4752
2015,11월,차대차,진행중 추돌,2740,37,4945
2015,11월,차대차,주정차중 추돌,1803,17,3385
2015,11월,차량단독,전도/전복,202,26,263
2015,11월,차량단독,충돌,356,41,447
2015,11월,차량단독,추락,25,2,31
2015,11월,차량단독,기타이탈,18,1,25
2015,11월,차량단독,기타/불명,346,8,382
2015,12월,차대사람,횡단중,3151,136,3196
2015,12월,차대사람,차도통행중,152,10,160
2015,12월,차대사람,길가장자리구역통행중,232,6,229
2015,12월,차대사람,보도통행중,112,1,119
2015,12월,차대사람,기타/불명,861,31,879
2015,12월,차대차,충돌,9607,87,16036
2015,12월,차대차,기타/불명,1751,35,2569
2015,12월,차대차,진행중 추돌,1538,27,2692
2015,12월,차대차,주정차중 추돌,1082,15,2081
2015,12월,차량단독,전도/전복,366,34,459
2015,12월,차량단독,충돌,162,14,212
2015,12월,차량단독,추락,6,2,4
2015,12월,차량단독,기타이탈,11,0,20
2015,12월,차량단독,기타/불명,258,4,280
2015,12월,철길건널목,차단기돌파,1,0,1
2016,전체,차대사람,횡단중,26823,1085,27431
2016,전체,차대사람,차도통행중,3622,146,3653
2016,전체,차대사람,길가장자리구역통행중,3544,65,3627
2016,전체,차대사람,보도통행중,1627,31,1726
2016,전체,차대사람,기타/불명,12873,335,13308
2016,전체,차대차,충돌,92895,992,150970
2016,전체,차대차,기타/불명,28091,291,41364
2016,전체,차대차,진행중 추돌,41023,483,76935
2016,전체,차량단독,전도/전복,4854,500,5832
2016,전체,차량단독,충돌,2196,240,2985
2016,전체,차량단독,추락,126,30,170
2016,전체,차량단독,기타이탈,137,16,232
2016,전체,차량단독,기타/불명,3100,78,3479
2016,전체,철길건널목,기타/불명,6,0,8
2016,1월,차대사람,횡단중,2278,89,2315
2016,1월,차대사람,차도통행중,312,9,318
2016,1월,차대사람,길가장자리구역통행중,273,5,275
2016,1월,차대사람,보도통행중,109,3,112
2016,1월,차대사람,기타/불명,901,15,942
2016,1월,차대차,충돌,7095,70,11891
2016,1월,차대차,기타/불명,1848,22,2810
2016,1월,차대차,진행중 추돌,3424,50,6636
2016,1월,차량단독,전도/전복,363,35,458
2016,1월,차량단독,충돌,203,30,263
2016,1월,차량단독,추락,8,4,11
2016,1월,차량단독,기타이탈,16,1,33
2016,1월,차량단독,기타/불명,236,3,258
2016,1월,철길건널목,기타/불명,1,0,1
2016,2월,차대사람,횡단중,2048,91,2077
2016,2월,차대사람,차도통행중,302,11,305
2016,2월,차대사람,길가장자리구역통행중,259,3,271
2016,2월,차대사람,보도통행중,100,5,105
2016,2월,차대사람,기타/불명,833,27,846
2016,2월,차대차,충돌,6511,66,10902
2016,2월,차대차,기타/불명,1742,15,2620
2016,2월,차대차,진행중 추돌,3133,26,6015
2016,2월,차량단독,전도/전복,366,24,446
2016,2월,차량단독,충돌,173,15,226
2016,2월,차량단독,추락,12,5,10
2016,2월,차량단독,기타이탈,7,0,13
2016,2월,차량단독,기타/불명,177,4,184
2016,2월,철길건널목,기타/불명,1,0,1
2016,3월,차대사람,횡단중,2140,77,2192
2016,3월,차대사람,차도통행중,336,10,337
2016,3월,차대사람,길가장자리구역통행중,323,3,330
2016,3월,차대사람,보도통행중,156,0,167
2016,3월,차대사람,기타/불명,1061,21,1090
2016,3월,차대차,충돌,7586,70,12180
2016,3월,차대차,기타/불명,2178,24,3225
2016,3월,차대차,진행중 추돌,3328,41,6059
2016,3월,차량단독,전도/전복,389,44,462
2016,3월,차량단독,충돌,167,14,226
2016,3월,차량단독,추락,7,1,10
2016,3월,차량단독,기타이탈,15,1,20
2016,3월,차량단독,기타/불명,260,4,311
2016,4월,차대사람,횡단중,2317,91,2395
2016,4월,차대사람,차도통행중,285,9,285
2016,4월,차대사람,길가장자리구역통행중,331,5,341
2016,4월,차대사람,보도통행중,179,3,186
2016,4월,차대사람,기타/불명,1140,19,1188
2016,4월,차대차,충돌,8248,82,13411
2016,4월,차대차,기타/불명,2471,22,3690
2016,4월,차대차,진행중 추돌,3511,39,6518
2016,4월,차량단독,전도/전복,472,41,586
2016,4월,차량단독,충돌,197,25,284
2016,4월,차량단독,추락,13,5,14
2016,4월,차량단독,기타이탈,9,2,13
2016,4월,차량단독,기타/불명,279,10,305
2016,5월,차대사람,횡단중,2321,74,2409
2016,5월,차대사람,차도통행중,294,9,301
2016,5월,차대사람,길가장자리구역통행중,319,4,332
2016,5월,차대사람,보도통행중,147,3,161
2016,5월,차대사람,기타/불명,1187,31,1231
2016,5월,차대차,충돌,8245,86,13181
2016,5월,차대차,기타/불명,2531,12,3636
2016,5월,차대차,진행중 추돌,3521,47,6708
2016,5월,차량단독,전도/전복,477,52,570
2016,5월,차량단독,충돌,209,17,279
2016,5월,차량단독,추락,13,2,19
2016,5월,차량단독,기타이탈,12,2,23
2016,5월,차량단독,기타/불명,278,8,322
2016,6월,차대사람,횡단중,2056,56,2142
2016,6월,차대사람,차도통행중,256,13,250
2016,6월,차대사람,길가장자리구역통행중,251,5,253
2016,6월,차대사람,보도통행중,140,1,151
2016,6월,차대사람,기타/불명,1051,28,1099
2016,6월,차대차,충돌,7856,80,12601
2016,6월,차대차,기타/불명,2280,28,3270
2016,6월,차대차,진행중 추돌,3144,38,5776
2016,6월,차량단독,전도/전복,450,42,538
2016,6월,차량단독,충돌,183,20,247
2016,6월,차량단독,추락,10,1,12
2016,6월,차량단독,기타이탈,13,1,19
2016,6월,차량단독,기타/불명,284,8,306
2016,6월,철길건널목,기타/불명,3,0,4
2016,7월,차대사람,횡단중,2047,69,2101
2016,7월,차대사람,차도통행중,308,9,320
2016,7월,차대사람,길가장자리구역통행중,273,6,282
2016,7월,차대사람,보도통행중,144,1,152
2016,7월,차대사람,기타/불명,1060,29,1102
2016,7월,차대차,충돌,8281,109,13601
2016,7월,차대차,기타/불명,2504,22,3591
2016,7월,차대차,진행중 추돌,3389,33,6274
2016,7월,차량단독,전도/전복,465,53,584
2016,7월,차량단독,충돌,202,19,262
2016,7월,차량단독,추락,9,1,16
2016,7월,차량단독,기타이탈,12,1,11
2016,7월,차량단독,기타/불명,261,6,290
2016,8월,차대사람,횡단중,1863,73,1892
2016,8월,차대사람,차도통행중,279,15,282
2016,8월,차대사람,길가장자리구역통행중,267,9,264
2016,8월,차대사람,보도통행중,141,1,149
2016,8월,차대사람,기타/불명,1105,19,1139
2016,8월,차대차,충돌,8001,75,13106
2016,8월,차대차,기타/불명,2480,23,3689
2016,8월,차대차,진행중 추돌,3383,44,6423
2016,8월,차량단독,전도/전복,403,42,488
2016,8월,차량단독,충돌,182,26,228
2016,8월,차량단독,추락,21,3,27
2016,8월,차량단독,기타이탈,10,2,28
2016,8월,차량단독,기타/불명,263,4,302
2016,9월,차대사람,횡단중,2053,101,2095
2016,9월,차대사람,차도통행중,285,10,289
2016,9월,차대사람,길가장자리구역통행중,255,3,267
2016,9월,차대사람,보도통행중,145,3,151
2016,9월,차대사람,기타/불명,1144,31,1177
2016,9월,차대차,충돌,7453,86,12022
2016,9월,차대차,기타/불명,2409,27,3622
2016,9월,차대차,진행중 추돌,3258,36,6091
2016,9월,차량단독,전도/전복,394,42,473
2016,9월,차량단독,충돌,161,23,212
2016,9월,차량단독,추락,11,4,8
2016,9월,차량단독,기타이탈,16,4,27
2016,9월,차량단독,기타/불명,299,5,327
2016,10월,차대사람,횡단중,2472,123,2518
2016,10월,차대사람,차도통행중,331,19,333
2016,10월,차대사람,길가장자리구역통행중,324,6,326
2016,10월,차대사람,보도통행중,136,3,146
2016,10월,차대사람,기타/불명,1200,34,1234
2016,10월,차대차,충돌,8171,97,13101
2016,10월,차대차,기타/불명,2666,38,3933
2016,10월,차대차,진행중 추돌,3714,41,6949
2016,10월,차량단독,전도/전복,409,45,455
2016,10월,차량단독,충돌,201,15,286
2016,10월,차량단독,추락,6,1,13
2016,10월,차량단독,기타이탈,7,2,6
2016,10월,차량단독,기타/불명,281,16,335
2016,11월,차대사람,횡단중,2582,119,2608
2016,11월,차대사람,차도통행중,320,19,321
2016,11월,차대사람,길가장자리구역통행중,349,7,361
2016,11월,차대사람,보도통행중,98,4,108
2016,11월,차대사람,기타/불명,1084,36,1132
2016,11월,차대차,충돌,7977,98,12783
2016,11월,차대차,기타/불명,2490,35,3632
2016,11월,차대차,진행중 추돌,3552,38,6639
2016,11월,차량단독,전도/전복,353,39,415
2016,11월,차량단독,충돌,147,15,184
2016,11월,차량단독,추락,9,2,12
2016,11월,차량단독,기타이탈,7,0,17
2016,11월,차량단독,기타/불명,266,4,308
2016,12월,차대사람,횡단중,2646,122,2687
2016,12월,차대사람,차도통행중,314,13,312
2016,12월,차대사람,길가장자리구역통행중,320,9,325
2016,12월,차대사람,보도통행중,132,4,138
2016,12월,차대사람,기타/불명,1107,45,1128
2016,12월,차대차,충돌,7471,73,12191
2016,12월,차대차,기타/불명,2492,23,3646
2016,12월,차대차,진행중 추돌,3666,50,6847
2016,12월,차량단독,전도/전복,313,41,357
2016,12월,차량단독,충돌,171,21,288
2016,12월,차량단독,추락,7,1,18
2016,12월,차량단독,기타이탈,13,0,22
2016,12월,차량단독,기타/불명,216,6,231
2016,12월,철길건널목,기타/불명,1,0,2
2017,전체,차대사람,횡단중,25381,974,26001
2017,전체,차대사람,차도통행중,3747,193,3714
2017,전체,차대사람,길가장자리구역통행중,3017,68,3075
2017,전체,차대사람,보도통행중,1621,36,1720
2017,전체,차대사람,기타/불명,12962,346,13317
2017,전체,차대차,충돌,90951,1006,146540
2017,전체,차대차,추돌,35560,439,67513
2017,전체,차대차,기타/불명,33554,282,49615
2017,전체,차량단독,전도/전복,3496,392,4122
2017,전체,차량단독,충돌,2307,273,3020
2017,전체,차량단독,추락,196,51,222
2017,전체,차량단독,기타이탈,144,21,162
2017,전체,차량단독,기타/불명,3396,103,3805
2017,전체,철길건널목,철길건널목,3,1,3
2017,1월,차대사람,횡단중,2433,121,2465
2017,1월,차대사람,차도통행중,259,13,255
2017,1월,차대사람,길가장자리구역통행중,246,4,249
2017,1월,차대사람,보도통행중,98,2,101
2017,1월,차대사람,기타/불명,807,25,831
2017,1월,차대차,충돌,7028,81,11889
2017,1월,차대차,추돌,3068,32,5920
2017,1월,차대차,기타/불명,2287,18,3452
2017,1월,차량단독,전도/전복,298,30,375
2017,1월,차량단독,충돌,211,20,290
2017,1월,차량단독,추락,13,5,17
2017,1월,차량단독,기타이탈,12,0,18
2017,1월,차량단독,기타/불명,210,2,237
2017,2월,차대사람,횡단중,2307,90,2369
2017,2월,차대사람,차도통행중,216,11,215
2017,2월,차대사람,길가장자리구역통행중,181,6,177
2017,2월,차대사람,보도통행중,71,1,79
2017,2월,차대사람,기타/불명,604,10,614
2017,2월,차대차,충돌,6438,62,10578
2017,2월,차대차,추돌,2516,37,4716
2017,2월,차대차,기타/불명,1879,16,2819
2017,2월,차량단독,전도/전복,293,26,339
2017,2월,차량단독,충돌,115,13,143
2017,2월,차량단독,추락,6,0,9
2017,2월,차량단독,기타이탈,9,1,8
2017,2월,차량단독,기타/불명,197,7,257
2017,3월,차대사람,횡단중,2545,70,2624
2017,3월,차대사람,차도통행중,252,9,248
2017,3월,차대사람,길가장자리구역통행중,211,4,220
2017,3월,차대사람,보도통행중,111,2,119
2017,3월,차대사람,기타/불명,752,19,770
2017,3월,차대차,충돌,7649,84,12193
2017,3월,차대차,추돌,2681,44,4952
2017,3월,차대차,기타/불명,2164,14,3125
2017,3월,차량단독,전도/전복,300,30,357
2017,3월,차량단독,충돌,150,12,189
2017,3월,차량단독,추락,7,1,7
2017,3월,차량단독,기타이탈,6,2,4
2017,3월,차량단독,기타/불명,219,4,238
2017,4월,차대사람,횡단중,2521,67,2614
2017,4월,차대사람,차도통행중,246,9,245
2017,4월,차대사람,길가장자리구역통행중,265,6,271
2017,4월,차대사람,보도통행중,102,1,114
2017,4월,차대사람,기타/불명,820,13,846
2017,4월,차대차,충돌,7888,89,12694
2017,4월,차대차,추돌,2707,25,5209
2017,4월,차대차,기타/불명,2366,12,3552
2017,4월,차량단독,전도/전복,387,43,481
2017,4월,차량단독,충돌,152,20,216
2017,4월,차량단독,추락,6,1,8
2017,4월,차량단독,기타이탈,7,1,9
2017,4월,차량단독,기타/불명,250,6,271
2017,5월,차대사람,횡단중,2527,78,2598
2017,5월,차대사람,차도통행중,258,16,251
2017,5월,차대사람,길가장자리구역통행중,234,4,233
2017,5월,차대사람,보도통행중,118,3,129
2017,5월,차대사람,기타/불명,876,21,903
2017,5월,차대차,충돌,8404,96,13479
2017,5월,차대차,추돌,2668,37,4960
2017,5월,차대차,기타/불명,2533,21,3661
2017,5월,차량단독,전도/전복,440,62,504
2017,5월,차량단독,충돌,146,17,208
2017,5월,차량단독,추락,18,5,25
2017,5월,차량단독,기타이탈,7,2,7
2017,5월,차량단독,기타/불명,273,4,310
2017,6월,차대사람,횡단중,2240,65,2323
2017,6월,차대사람,차도통행중,255,12,260
2017,6월,차대사람,길가장자리구역통행중,190,4,198
2017,6월,차대사람,보도통행중,120,5,125
2017,6월,차대사람,기타/불명,880,29,892
2017,6월,차대차,충돌,8128,81,12837
2017,6월,차대차,추돌,2710,28,5063
2017,6월,차대차,기타/불명,2636,20,3744
2017,6월,차량단독,전도/전복,409,47,441
2017,6월,차량단독,충돌,158,13,236
2017,6월,차량단독,추락,15,4,19
2017,6월,차량단독,기타이탈,11,2,9
2017,6월,차량단독,기타/불명,295,5,307
2017,7월,차대사람,횡단중,2183,82,2241
2017,7월,차대사람,차도통행중,240,13,236
2017,7월,차대사람,길가장자리구역통행중,173,6,172
2017,7월,차대사람,보도통행중,86,1,94
2017,7월,차대사람,기타/불명,818,25,856
2017,7월,차대차,충돌,8366,93,13581
2017,7월,차대차,추돌,2858,36,5344
2017,7월,차대차,기타/불명,2546,25,3748
2017,7월,차량단독,전도/전복,445,41,570
2017,7월,차량단독,충돌,158,22,205
2017,7월,차량단독,추락,7,3,5
2017,7월,차량단독,기타이탈,8,2,7
2017,7월,차량단독,기타/불명,269,7,303
2017,7월,철길건널목,철길건널목,1,1,0
2017,8월,차대사람,횡단중,1833,65,1875
2017,8월,차대사람,차도통행중,326,17,324
2017,8월,차대사람,길가장자리구역통행중,252,5,257
2017,8월,차대사람,보도통행중,167,3,174
2017,8월,차대사람,기타/불명,1134,25,1161
2017,8월,차대차,충돌,8349,103,13457
2017,8월,차대차,추돌,3056,32,5883
2017,8월,차대차,기타/불명,2690,21,3998
2017,8월,차량단독,전도/전복,323,33,381
2017,8월,차량단독,충돌,215,29,268
2017,8월,차량단독,추락,20,4,25
2017,8월,차량단독,기타이탈,13,4,21
2017,8월,차량단독,기타/불명,304,12,338
2017,9월,차대사람,횡단중,1655,75,1693
2017,9월,차대사람,차도통행중,448,18,449
2017,9월,차대사람,길가장자리구역통행중,329,11,339
2017,9월,차대사람,보도통행중,205,7,214
2017,9월,차대사람,기타/불명,1653,55,1704
2017,9월,차대차,충돌,8055,100,12647
2017,9월,차대차,추돌,3303,48,6195
2017,9월,차대차,기타/불명,3433,27,5182
2017,9월,차량단독,전도/전복,165,21,192
2017,9월,차량단독,충돌,212,29,277
2017,9월,차량단독,추락,36,8,36
2017,9월,차량단독,기타이탈,19,3,23
2017,9월,차량단독,기타/불명,378,17,420
2017,10월,차대사람,횡단중,1622,91,1650
2017,10월,차대사람,차도통행중,411,27,405
2017,10월,차대사람,길가장자리구역통행중,316,6,322
2017,10월,차대사람,보도통행중,171,2,182
2017,10월,차대사람,기타/불명,1580,46,1631
2017,10월,차대차,충돌,7003,82,11506
2017,10월,차대차,추돌,3232,43,6523
2017,10월,차대차,기타/불명,3710,37,5536
2017,10월,차량단독,전도/전복,159,21,186
2017,10월,차량단독,충돌,248,34,306
2017,10월,차량단독,추락,19,7,16
2017,10월,차량단독,기타이탈,20,3,21
2017,10월,차량단독,기타/불명,372,21,414
2017,11월,차대사람,횡단중,1749,91,1752
2017,11월,차대사람,차도통행중,397,22,387
2017,11월,차대사람,길가장자리구역통행중,309,7,309
2017,11월,차대사람,보도통행중,212,6,223
2017,11월,차대사람,기타/불명,1534,35,1571
2017,11월,차대차,충돌,7198,61,11316
2017,11월,차대차,추돌,3386,44,6462
2017,11월,차대차,기타/불명,3852,41,5639
2017,11월,차량단독,전도/전복,142,24,142
2017,11월,차량단독,충돌,227,27,269
2017,11월,차량단독,추락,29,8,32
2017,11월,차량단독,기타이탈,19,0,20
2017,11월,차량단독,기타/불명,323,13,350
2017,12월,차대사람,횡단중,1766,79,1797
2017,12월,차대사람,차도통행중,439,26,439
2017,12월,차대사람,길가장자리구역통행중,311,5,328
2017,12월,차대사람,보도통행중,160,3,166
2017,12월,차대사람,기타/불명,1504,43,1538
2017,12월,차대차,충돌,6445,74,10363
2017,12월,차대차,추돌,3375,33,6286
2017,12월,차대차,기타/불명,3458,30,5159
2017,12월,차량단독,전도/전복,135,14,154
2017,12월,차량단독,충돌,315,37,413
2017,12월,차량단독,추락,20,5,23
2017,12월,차량단독,기타이탈,13,1,15
2017,12월,차량단독,기타/불명,306,5,360
2017,12월,철길건널목,철길건널목,2,0,3
2018,전체,차대사람,횡단중,18390,794,18795
2018,전체,차대사람,차도통행중,4742,205,4739
2018,전체,차대사람,길가장자리구역통행중,3196,69,3270
2018,전체,차대사람,보도통행중,2194,41,2330
2018,전체,차대사람,기타/불명,16726,334,17322
2018,전체,차대차,충돌,85305,781,135917
2018,전체,차대차,추돌,36615,404,69144
2018,전체,차대차,기타/불명,40079,320,60076
2018,전체,차량단독,전도/전복,1432,135,1571
2018,전체,차량단독,충돌,3711,409,4607
2018,전체,차량단독,추락,457,110,496
2018,전체,차량단독,기타이탈,228,33,295
2018,전체,차량단독,기타/불명,4070,144,4469
2018,전체,철길건널목,철길건널목,3,2,6
2018,1월,차대사람,횡단중,1667,88,1707
2018,1월,차대사람,차도통행중,407,19,410
2018,1월,차대사람,길가장자리구역통행중,262,10,258
2018,1월,차대사람,보도통행중,177,5,182
2018,1월,차대사람,기타/불명,1216,22,1263
2018,1월,차대차,충돌,6327,52,10198
2018,1월,차대차,추돌,3315,37,6185
2018,1월,차대차,기타/불명,2931,20,4319
2018,1월,차량단독,전도/전복,92,8,118
2018,1월,차량단독,충돌,306,29,425
2018,1월,차량단독,추락,32,6,42
2018,1월,차량단독,기타이탈,13,1,19
2018,1월,차량단독,기타/불명,281,7,312
2018,2월,차대사람,횡단중,1511,62,1533
2018,2월,차대사람,차도통행중,379,13,376
2018,2월,차대사람,길가장자리구역통행중,285,7,288
2018,2월,차대사람,보도통행중,172,3,186
2018,2월,차대사람,기타/불명,1163,30,1192
2018,2월,차대차,충돌,6235,53,10211
2018,2월,차대차,추돌,3109,31,5900
2018,2월,차대차,기타/불명,2624,17,4108
2018,2월,차량단독,전도/전복,100,12,102
2018,2월,차량단독,충돌,322,35,382
2018,2월,차량단독,추락,24,5,25
2018,2월,차량단독,기타이탈,24,1,35
2018,2월,차량단독,기타/불명,259,5,292
2018,2월,철길건널목,철길건널목,1,1,0
2018,3월,차대사람,횡단중,1599,76,1629
2018,3월,차대사람,차도통행중,417,17,418
2018,3월,차대사람,길가장자리구역통행중,293,2,313
2018,3월,차대사람,보도통행중,202,6,207
2018,3월,차대사람,기타/불명,1321,24,1385
2018,3월,차대차,충돌,6674,70,10626
2018,3월,차대차,추돌,2928,30,5320
2018,3월,차대차,기타/불명,2783,26,4175
2018,3월,차량단독,전도/전복,123,10,139
2018,3월,차량단독,충돌,294,28,365
2018,3월,차량단독,추락,42,10,49
2018,3월,차량단독,기타이탈,25,3,26
2018,3월,차량단독,기타/불명,321,8,363
2018,4월,차대사람,횡단중,1544,62,1578
2018,4월,차대사람,차도통행중,387,15,395
2018,4월,차대사람,길가장자리구역통행중,320,6,326
2018,4월,차대사람,보도통행중,197,1,204
2018,4월,차대사람,기타/불명,1433,22,1482
2018,4월,차대차,충돌,7128,66,11351
2018,4월,차대차,추돌,2962,29,5599
2018,4월,차대차,기타/불명,3146,21,4723
2018,4월,차량단독,전도/전복,142,15,159
2018,4월,차량단독,충돌,333,41,402
2018,4월,차량단독,추락,41,10,36
2018,4월,차량단독,기타이탈,21,3,26
2018,4월,차량단독,기타/불명,338,12,362
2018,5월,차대사람,횡단중,1495,46,1573
2018,5월,차대사람,차도통행중,423,13,432
2018,5월,차대사람,길가장자리구역통행중,298,5,311
2018,5월,차대사람,보도통행중,174,0,195
2018,5월,차대사람,기타/불명,1468,25,1527
2018,5월,차대차,충돌,7456,81,11959
2018,5월,차대차,추돌,3126,25,5889
2018,5월,차대차,기타/불명,3299,29,4912
2018,5월,차량단독,전도/전복,121,13,131
2018,5월,차량단독,충돌,341,40,407
2018,5월,차량단독,추락,39,17,31
2018,5월,차량단독,기타이탈,23,2,31
2018,5월,차량단독,기타/불명,373,13,436
2018,6월,차대사람,횡단중,1357,37,1406
2018,6월,차대사람,차도통행중,379,11,382
2018,6월,차대사람,길가장자리구역통행중,259,4,265
2018,6월,차대사람,보도통행중,183,3,193
2018,6월,차대사람,기타/불명,1474,26,1526
2018,6월,차대차,충돌,7299,56,11558
2018,6월,차대차,추돌,2761,29,5077
2018,6월,차대차,기타/불명,3503,35,5180
2018,6월,차량단독,전도/전복,128,11,135
2018,6월,차량단독,충돌,305,27,384
2018,6월,차량단독,추락,38,6,41
2018,6월,차량단독,기타이탈,14,2,16
2018,6월,차량단독,기타/불명,381,18,411
2018,6월,철길건널목,철길건널목,1,1,0
2018,7월,차대사람,횡단중,1332,54,1360
2018,7월,차대사람,차도통행중,349,17,349
2018,7월,차대사람,길가장자리구역통행중,228,7,238
2018,7월,차대사람,보도통행중,182,2,193
2018,7월,차대사람,기타/불명,1345,22,1410
2018,7월,차대차,충돌,7601,69,12110
2018,7월,차대차,추돌,3124,29,5945
2018,7월,차대차,기타/불명,3635,30,5457
2018,7월,차량단독,전도/전복,153,13,160
2018,7월,차량단독,충돌,297,34,391
2018,7월,차량단독,추락,39,15,35
2018,7월,차량단독,기타이탈,23,3,34
2018,7월,차량단독,기타/불명,391,20,422
2018,8월,차대사람,횡단중,1373,69,1396
2018,8월,차대사람,차도통행중,354,16,349
2018,8월,차대사람,길가장자리구역통행중,235,5,244
2018,8월,차대사람,보도통행중,150,7,156
2018,8월,차대사람,기타/불명,1302,33,1348
2018,8월,차대차,충돌,7460,80,12083
2018,8월,차대차,추돌,2997,47,5758
2018,8월,차대차,기타/불명,3530,15,5345
2018,8월,차량단독,전도/전복,146,15,152
2018,8월,차량단독,충돌,364,42,466
2018,8월,차량단독,추락,36,6,41
2018,8월,차량단독,기타이탈,15,4,18
2018,8월,차량단독,기타/불명,373,18,393
2018,9월,차대사람,횡단중,1504,71,1527
2018,9월,차대사람,차도통행중,376,19,374
2018,9월,차대사람,길가장자리구역통행중,257,6,260
2018,9월,차대사람,보도통행중,170,4,200
2018,9월,차대사람,기타/불명,1441,36,1475
2018,9월,차대차,충돌,7231,72,11748
2018,9월,차대차,추돌,3100,45,6029
2018,9월,차대차,기타/불명,3482,27,5193
2018,9월,차량단독,전도/전복,120,10,150
2018,9월,차량단독,충돌,284,38,342
2018,9월,차량단독,추락,50,8,55
2018,9월,차량단독,기타이탈,24,1,33
2018,9월,차량단독,기타/불명,332,11,365
2018,10월,차대사람,횡단중,1741,89,1747
2018,10월,차대사람,차도통행중,415,25,403
2018,10월,차대사람,길가장자리구역통행중,255,4,266
2018,10월,차대사람,보도통행중,195,5,206
2018,10월,차대사람,기타/불명,1545,28,1594
2018,10월,차대차,충돌,7579,66,11743
2018,10월,차대차,추돌,3343,45,6316
2018,10월,차대차,기타/불명,3823,38,5626
2018,10월,차량단독,전도/전복,118,11,122
2018,10월,차량단독,충돌,289,35,337
2018,10월,차량단독,추락,41,11,48
2018,10월,차량단독,기타이탈,21,4,30
2018,10월,차량단독,기타/불명,372,12,392
2018,10월,철길건널목,철길건널목,1,0,6
2018,11월,차대사람,횡단중,1622,56,1680
2018,11월,차대사람,차도통행중,433,15,434
2018,11월,차대사람,길가장자리구역통행중,249,7,249
2018,11월,차대사람,보도통행중,209,2,214
2018,11월,차대사람,기타/불명,1516,33,1567
2018,11월,차대차,충돌,7361,59,11452
2018,11월,차대차,추돌,3012,30,5660
2018,11월,차대차,기타/불명,3853,32,5838
2018,11월,차량단독,전도/전복,91,8,100
2018,11월,차량단독,충돌,290,35,371
2018,11월,차량단독,추락,32,6,44
2018,11월,차량단독,기타이탈,14,4,15
2018,11월,차량단독,기타/불명,347,11,376
2018,12월,차대사람,횡단중,1645,84,1659
2018,12월,차대사람,차도통행중,423,25,417
2018,12월,차대사람,길가장자리구역통행중,255,6,252
2018,12월,차대사람,보도통행중,183,3,194
2018,12월,차대사람,기타/불명,1502,33,1553
2018,12월,차대차,충돌,6954,57,10878
2018,12월,차대차,추돌,2838,27,5466
2018,12월,차대차,기타/불명,3470,30,5200
2018,12월,차량단독,전도/전복,98,9,103
2018,12월,차량단독,충돌,286,25,335
2018,12월,차량단독,추락,43,10,49
2018,12월,차량단독,기타이탈,11,5,12
2018,12월,차량단독,기타/불명,302,9,345
2019,전체,차대사람,횡단중,18101,652,18577
2019,전체,차대사람,차도통행중,4765,180,4764
2019,전체,차대사람,길가장자리구역통행중,2705,41,2776
2019,전체,차대사람,보도통행중,2335,37,2467
2019,전체,차대사람,기타/불명,18244,361,18822
2019,전체,차대차,충돌,93914,769,149548
2019,전체,차대차,추돌,34981,379,66448
2019,전체,차대차,기타/불명,44433,247,66260
2019,전체,차량단독,전도/전복,1331,134,1450
2019,전체,차량단독,충돌,3631,323,4741
2019,전체,차량단독,추락,443,98,484
2019,전체,차량단독,기타이탈,200,18,249
2019,전체,차량단독,기타/불명,4509,108,5113
2019,전체,철길건널목,철길건널목,8,2,13
2019,1월,차대사람,횡단중,1532,69,1552
2019,1월,차대사람,차도통행중,353,16,348
2019,1월,차대사람,길가장자리구역통행중,210,5,237
2019,1월,차대사람,보도통행중,175,2,184
2019,1월,차대사람,기타/불명,1507,39,1541
2019,1월,차대차,충돌,6288,55,9902
2019,1월,차대차,추돌,2485,29,4668
2019,1월,차대차,기타/불명,3359,26,5080
2019,1월,차량단독,전도/전복,51,8,51
2019,1월,차량단독,충돌,245,27,295
2019,1월,차량단독,추락,33,7,38
2019,1월,차량단독,기타이탈,16,3,15
2019,1월,차량단독,기타/불명,298,10,358
2019,2월,차대사람,횡단중,1201,40,1232
2019,2월,차대사람,차도통행중,329,11,324
2019,2월,차대사람,길가장자리구역통행중,207,5,207
2019,2월,차대사람,보도통행중,161,1,178
2019,2월,차대사람,기타/불명,1112,27,1152
2019,2월,차대차,충돌,6095,46,10053
2019,2월,차대차,추돌,2343,12,4571
2019,2월,차대차,기타/불명,2713,19,4197
2019,2월,차량단독,전도/전복,72,10,76
2019,2월,차량단독,충돌,231,22,292
2019,2월,차량단독,추락,36,5,40
2019,2월,차량단독,기타이탈,12,0,17
2019,2월,차량단독,기타/불명,239,5,272
2019,2월,철길건널목,철길건널목,1,0,1
2019,3월,차대사람,횡단중,1453,47,1506
2019,3월,차대사람,차도통행중,419,11,418
2019,3월,차대사람,길가장자리구역통행중,283,4,288
2019,3월,차대사람,보도통행중,200,5,207
2019,3월,차대사람,기타/불명,1353,24,1381
2019,3월,차대차,충돌,7679,61,12114
2019,3월,차대차,추돌,2889,24,5416
2019,3월,차대차,기타/불명,3047,21,4616
2019,3월,차량단독,전도/전복,124,11,136
2019,3월,차량단독,충돌,291,24,378
2019,3월,차량단독,추락,37,13,32
2019,3월,차량단독,기타이탈,17,0,20
2019,3월,차량단독,기타/불명,340,7,395
2019,3월,철길건널목,철길건널목,1,0,1
2019,4월,차대사람,횡단중,1604,55,1634
2019,4월,차대사람,차도통행중,387,12,392
2019,4월,차대사람,길가장자리구역통행중,237,2,240
2019,4월,차대사람,보도통행중,195,2,211
2019,4월,차대사람,기타/불명,1435,23,1490
2019,4월,차대차,충돌,8009,77,12766
2019,4월,차대차,추돌,3006,30,5656
2019,4월,차대차,기타/불명,3425,18,5104
2019,4월,차량단독,전도/전복,90,13,95
2019,4월,차량단독,충돌,311,32,387
2019,4월,차량단독,추락,41,13,38
2019,4월,차량단독,기타이탈,26,2,31
2019,4월,차량단독,기타/불명,338,7,394
2019,5월,차대사람,횡단중,1516,61,1551
2019,5월,차대사람,차도통행중,421,13,421
2019,5월,차대사람,길가장자리구역통행중,216,1,226
2019,5월,차대사람,보도통행중,212,0,225
2019,5월,차대사람,기타/불명,1654,26,1704
2019,5월,차대차,충돌,8721,86,13873
2019,5월,차대차,추돌,3166,33,6030
2019,5월,차대차,기타/불명,3914,23,5924
2019,5월,차량단독,전도/전복,160,17,164
2019,5월,차량단독,충돌,329,21,426
2019,5월,차량단독,추락,48,10,51
2019,5월,차량단독,기타이탈,19,3,30
2019,5월,차량단독,기타/불명,403,11,452
2019,6월,차대사람,횡단중,1364,44,1403
2019,6월,차대사람,차도통행중,353,12,356
2019,6월,차대사람,길가장자리구역통행중,187,2,189
2019,6월,차대사람,보도통행중,185,3,188
2019,6월,차대사람,기타/불명,1476,32,1553
2019,6월,차대차,충돌,7987,67,12876
2019,6월,차대차,추돌,2826,31,5337
2019,6월,차대차,기타/불명,3671,22,5330
2019,6월,차량단독,전도/전복,134,12,141
2019,6월,차량단독,충돌,329,33,416
2019,6월,차량단독,추락,31,7,32
2019,6월,차량단독,기타이탈,19,2,28
2019,6월,차량단독,기타/불명,405,12,465
2019,6월,철길건널목,철길건널목,1,0,1
2019,7월,차대사람,횡단중,1399,36,1450
2019,7월,차대사람,차도통행중,364,10,366
2019,7월,차대사람,길가장자리구역통행중,182,0,187
2019,7월,차대사람,보도통행중,199,3,214
2019,7월,차대사람,기타/불명,1492,23,1541
2019,7월,차대차,충돌,8048,58,12702
2019,7월,차대차,추돌,2799,35,5216
2019,7월,차대차,기타/불명,3848,16,5547
2019,7월,차량단독,전도/전복,130,17,151
2019,7월,차량단독,충돌,321,29,435
2019,7월,차량단독,추락,32,4,39
2019,7월,차량단독,기타이탈,13,1,15
2019,7월,차량단독,기타/불명,406,9,488
2019,7월,철길건널목,철길건널목,1,0,2
2019,8월,차대사람,횡단중,1372,48,1416
2019,8월,차대사람,차도통행중,376,13,385
2019,8월,차대사람,길가장자리구역통행중,218,2,221
2019,8월,차대사람,보도통행중,181,4,188
2019,8월,차대사람,기타/불명,1454,30,1512
2019,8월,차대차,충돌,8441,66,13494
2019,8월,차대차,추돌,3022,23,6014
2019,8월,차대차,기타/불명,4003,19,6025
2019,8월,차량단독,전도/전복,119,6,131
2019,8월,차량단독,충돌,319,22,412
2019,8월,차량단독,추락,42,9,61
2019,8월,차량단독,기타이탈,22,1,35
2019,8월,차량단독,기타/불명,422,10,463
2019,8월,철길건널목,철길건널목,1,0,1
2019,9월,차대사람,횡단중,1516,63,1569
2019,9월,차대사람,차도통행중,390,17,386
2019,9월,차대사람,길가장자리구역통행중,239,7,241
2019,9월,차대사람,보도통행중,203,4,214
2019,9월,차대사람,기타/불명,1586,25,1639
2019,9월,차대차,충돌,7817,67,12609
2019,9월,차대차,추돌,2807,29,5265
2019,9월,차대차,기타/불명,3827,14,5670
2019,9월,차량단독,전도/전복,132,9,150
2019,9월,차량단독,충돌,332,33,477
2019,9월,차량단독,추락,38,4,38
2019,9월,차량단독,기타이탈,15,1,17
2019,9월,차량단독,기타/불명,428,12,471
2019,9월,철길건널목,철길건널목,1,2,0
2019,10월,차대사람,횡단중,1716,67,1750
2019,10월,차대사람,차도통행중,444,15,443
2019,10월,차대사람,길가장자리구역통행중,247,5,251
2019,10월,차대사람,보도통행중,208,2,219
2019,10월,차대사람,기타/불명,1800,41,1851
2019,10월,차대차,충돌,8743,73,13722
2019,10월,차대차,추돌,3249,55,6268
2019,10월,차대차,기타/불명,4294,18,6381
2019,10월,차량단독,전도/전복,112,8,118
2019,10월,차량단독,충돌,338,31,458
2019,10월,차량단독,추락,42,11,46
2019,10월,차량단독,기타이탈,21,3,20
2019,10월,차량단독,기타/불명,474,8,516
2019,10월,철길건널목,철길건널목,2,0,7
2019,11월,차대사람,횡단중,1798,64,1835
2019,11월,차대사람,차도통행중,487,23,486
2019,11월,차대사람,길가장자리구역통행중,256,2,262
2019,11월,차대사람,보도통행중,224,6,238
2019,11월,차대사람,기타/불명,1730,36,1771
2019,11월,차대차,충돌,8435,57,13274
2019,11월,차대차,추돌,3356,31,6318
2019,11월,차대차,기타/불명,4392,24,6427
2019,11월,차량단독,전도/전복,113,13,129
2019,11월,차량단독,충돌,285,24,387
2019,11월,차량단독,추락,34,11,34
2019,11월,차량단독,기타이탈,12,1,14
2019,11월,차량단독,기타/불명,395,5,448
2019,12월,차대사람,횡단중,1630,58,1679
2019,12월,차대사람,차도통행중,442,27,439
2019,12월,차대사람,길가장자리구역통행중,223,6,227
2019,12월,차대사람,보도통행중,192,5,201
2019,12월,차대사람,기타/불명,1645,35,1687
2019,12월,차대차,충돌,7651,56,12163
2019,12월,차대차,추돌,3033,47,5689
2019,12월,차대차,기타/불명,3940,27,5959
2019,12월,차량단독,전도/전복,94,10,108
2019,12월,차량단독,충돌,300,25,378
2019,12월,차량단독,추락,29,4,35
2019,12월,차량단독,기타이탈,8,1,7
2019,12월,차량단독,기타/불명,361,12,391
2020,전체,차대사람,횡단중,13147,520,13551
2020,전체,차대사람,차도통행중,3702,195,3654
2020,전체,차대사람,길가장자리구역통행중,2079,40,2122
2020,전체,차대사람,보도통행중,2015,26,2096
2020,전체,차대사람,기타/불명,15278,288,15757
2020,전체,차대차,충돌,85489,626,132932
2020,전체,차대차,추돌,32993,370,59441
2020,전체,차대차,기타/불명,46070,303,66737
2020,전체,차량단독,전도/전복,1286,116,1370
2020,전체,차량단독,충돌,3252,344,3806
2020,전체,차량단독,추락,413,92,434
2020,전체,차량단독,기타이탈,199,30,250
2020,전체,차량단독,기타/불명,3728,130,4041
2020,전체,철길건널목,철길건널목,3,1,3
2020,1월,차대사람,횡단중,1443,62,1479
2020,1월,차대사람,차도통행중,382,18,382
2020,1월,차대사람,길가장자리구역통행중,227,6,230
2020,1월,차대사람,보도통행중,170,3,177
2020,1월,차대사람,기타/불명,1321,34,1335
2020,1월,차대차,충돌,6865,39,11082
2020,1월,차대차,추돌,2518,34,4783
2020,1월,차대차,기타/불명,3394,20,5236
2020,1월,차량단독,전도/전복,76,9,80
2020,1월,차량단독,충돌,248,29,287
2020,1월,차량단독,추락,26,6,29
2020,1월,차량단독,기타이탈,14,6,10
2020,1월,차량단독,기타/불명,284,11,332
2020,2월,차대사람,횡단중,1163,37,1186
2020,2월,차대사람,차도통행중,313,25,305
2020,2월,차대사람,길가장자리구역통행중,171,5,169
2020,2월,차대사람,보도통행중,150,1,156
2020,2월,차대사람,기타/불명,1139,14,1181
2020,2월,차대차,충돌,6650,40,10368
2020,2월,차대차,추돌,2598,37,4486
2020,2월,차대차,기타/불명,3398,15,4889
2020,2월,차량단독,전도/전복,90,9,99
2020,2월,차량단독,충돌,294,29,344
2020,2월,차량단독,추락,29,5,30
2020,2월,차량단독,기타이탈,22,3,34
2020,2월,차량단독,기타/불명,268,2,311
2020,3월,차대사람,횡단중,884,34,903
2020,3월,차대사람,차도통행중,228,13,219
2020,3월,차대사람,길가장자리구역통행중,159,3,162
2020,3월,차대사람,보도통행중,138,2,142
2020,3월,차대사람,기타/불명,1016,18,1031
2020,3월,차대차,충돌,6396,70,9919
2020,3월,차대차,추돌,2518,25,4445
2020,3월,차대차,기타/불명,2960,17,4306
2020,3월,차량단독,전도/전복,102,11,110
2020,3월,차량단독,충돌,263,34,287
2020,3월,차량단독,추락,31,3,39
2020,3월,차량단독,기타이탈,8,2,7
2020,3월,차량단독,기타/불명,246,7,253
2020,4월,차대사람,횡단중,939,39,956
2020,4월,차대사람,차도통행중,285,9,285
2020,4월,차대사람,길가장자리구역통행중,155,1,161
2020,4월,차대사람,보도통행중,143,0,150
2020,4월,차대사람,기타/불명,1193,22,1231
2020,4월,차대차,충돌,6910,43,10686
2020,4월,차대차,추돌,2599,20,4772
2020,4월,차대차,기타/불명,3289,25,4813
2020,4월,차량단독,전도/전복,107,10,107
2020,4월,차량단독,충돌,227,29,245
2020,4월,차량단독,추락,27,5,30
2020,4월,차량단독,기타이탈,11,0,12
2020,4월,차량단독,기타/불명,301,10,333
2020,5월,차대사람,횡단중,1100,34,1143
2020,5월,차대사람,차도통행중,307,10,309
2020,5월,차대사람,길가장자리구역통행중,185,4,187
2020,5월,차대사람,보도통행중,163,4,178
2020,5월,차대사람,기타/불명,1364,22,1437
2020,5월,차대차,충돌,7532,54,11846
2020,5월,차대차,추돌,2739,22,5010
2020,5월,차대차,기타/불명,3973,25,5781
2020,5월,차량단독,전도/전복,111,13,107
2020,5월,차량단독,충돌,285,29,330
2020,5월,차량단독,추락,48,15,42
2020,5월,차량단독,기타이탈,20,4,35
2020,5월,차량단독,기타/불명,356,18,385
2020,5월,철길건널목,철길건널목,1,0,1
2020,6월,차대사람,횡단중,1109,46,1144
2020,6월,차대사람,차도통행중,333,14,338
2020,6월,차대사람,길가장자리구역통행중,175,1,177
2020,6월,차대사람,보도통행중,190,0,204
2020,6월,차대사람,기타/불명,1426,21,1484
2020,6월,차대차,충돌,7920,53,12359
2020,6월,차대차,추돌,2922,29,5331
2020,6월,차대차,기타/불명,4062,28,5832
2020,6월,차량단독,전도/전복,128,13,143
2020,6월,차량단독,충돌,332,28,414
2020,6월,차량단독,추락,49,8,59
2020,6월,차량단독,기타이탈,20,2,23
2020,6월,차량단독,기타/불명,350,10,372
2020,6월,철길건널목,철길건널목,1,1,0
2020,7월,차대사람,횡단중,1096,37,1154
2020,7월,차대사람,차도통행중,325,23,316
2020,7월,차대사람,길가장자리구역통행중,168,2,167
2020,7월,차대사람,보도통행중,187,2,190
2020,7월,차대사람,기타/불명,1357,21,1401
2020,7월,차대차,충돌,7358,47,11564
2020,7월,차대차,추돌,2845,22,5214
2020,7월,차대차,기타/불명,4107,20,6002
2020,7월,차량단독,전도/전복,107,10,111
2020,7월,차량단독,충돌,338,29,400
2020,7월,차량단독,추락,41,13,39
2020,7월,차량단독,기타이탈,22,0,35
2020,7월,차량단독,기타/불명,351,14,376
2020,8월,차대사람,횡단중,1028,49,1066
2020,8월,차대사람,차도통행중,309,14,314
2020,8월,차대사람,길가장자리구역통행중,146,3,154
2020,8월,차대사람,보도통행중,144,2,150
2020,8월,차대사람,기타/불명,1213,26,1251
2020,8월,차대차,충돌,7180,61,11448
2020,8월,차대차,추돌,2786,52,5057
2020,8월,차대차,기타/불명,3999,25,5871
2020,8월,차량단독,전도/전복,138,7,160
2020,8월,차량단독,충돌,312,31,394
2020,8월,차량단독,추락,36,11,36
2020,8월,차량단독,기타이탈,25,3,27
2020,8월,차량단독,기타/불명,300,11,336
2020,9월,차대사람,횡단중,1065,58,1097
2020,9월,차대사람,차도통행중,291,13,288
2020,9월,차대사람,길가장자리구역통행중,150,2,155
2020,9월,차대사람,보도통행중,168,1,175
2020,9월,차대사람,기타/불명,1386,34,1412
2020,9월,차대차,충돌,7219,60,10891
2020,9월,차대차,추돌,2903,35,5052
2020,9월,차대차,기타/불명,4141,38,5900
2020,9월,차량단독,전도/전복,131,5,142
2020,9월,차량단독,충돌,262,32,296
2020,9월,차량단독,추락,44,6,50
2020,9월,차량단독,기타이탈,24,4,28
2020,9월,차량단독,기타/불명,340,13,353
2020,10월,차대사람,횡단중,1159,41,1194
2020,10월,차대사람,차도통행중,319,20,310
2020,10월,차대사람,길가장자리구역통행중,192,9,196
2020,10월,차대사람,보도통행중,231,5,237
2020,10월,차대사람,기타/불명,1443,27,1505
2020,10월,차대차,충돌,7720,60,11940
2020,10월,차대차,추돌,3037,45,5624
2020,10월,차대차,기타/불명,4340,33,6295
2020,10월,차량단독,전도/전복,126,10,137
2020,10월,차량단독,충돌,264,32,305
2020,10월,차량단독,추락,30,11,24
2020,10월,차량단독,기타이탈,13,3,15
2020,10월,차량단독,기타/불명,380,13,406
2020,10월,철길건널목,철길건널목,1,0,2
2020,11월,차대사람,횡단중,1149,42,1205
2020,11월,차대사람,차도통행중,336,23,320
2020,11월,차대사람,길가장자리구역통행중,195,2,203
2020,11월,차대사람,보도통행중,191,5,191
2020,11월,차대사람,기타/불명,1376,27,1411
2020,11월,차대차,충돌,7314,52,11191
2020,11월,차대차,추돌,2909,25,5299
2020,11월,차대차,기타/불명,4307,30,6164
2020,11월,차량단독,전도/전복,95,14,88
2020,11월,차량단독,충돌,215,23,255
2020,11월,차량단독,추락,27,5,28
2020,11월,차량단독,기타이탈,12,1,14
2020,11월,차량단독,기타/불명,312,12,329
2020,12월,차대사람,횡단중,1012,41,1024
2020,12월,차대사람,차도통행중,274,13,268
2020,12월,차대사람,길가장자리구역통행중,156,2,161
2020,12월,차대사람,보도통행중,140,1,146
2020,12월,차대사람,기타/불명,1044,22,1078
2020,12월,차대차,충돌,6425,47,9638
2020,12월,차대차,추돌,2619,24,4368
2020,12월,차대차,기타/불명,4100,27,5648
2020,12월,차량단독,전도/전복,75,5,86
2020,12월,차량단독,충돌,212,19,249
2020,12월,차량단독,추락,25,4,28
2020,12월,차량단독,기타이탈,8,2,10
2020,12월,차량단독,기타/불명,240,9,255
